Command line invocation:
    /Applications/Xcode.app/Contents/Developer/usr/bin/xcodebuild -scheme Hidroly -destination "platform=iOS Simulator,name=iPhone 16 Pro,OS=18.0" -configuration Debug -sdk iphonesimulator clean build

User defaults from command line:
    IDEPackageSupportUseBuiltinSCM = YES

Build settings from command line:
    SDKROOT = iphonesimulator18.0


** CLEAN SUCCEEDED **

Prepare packages

ComputeTargetDependencyGraph
note: Building targets in dependency order
note: Target dependency graph (1 target)
    Target 'Hidroly' in project 'Hidroly' (no dependencies)

GatherProvisioningInputs

CreateBuildDescription

ExecuteExternalTool /Applications/Xcode.app/Contents/Developer/usr/bin/actool --print-asset-tag-combinations --output-format xml1 /Users/fabricioalvarenga/Desktop/Developer/Hidroly/Hidroly/Preview Content/Preview Assets.xcassets /Users/fabricioalvarenga/Desktop/Developer/Hidroly/Hidroly/Assets.xcassets

ExecuteExternalTool /Applications/Xcode.app/Contents/Developer/Toolchains/XcodeDefault.xctoolchain/usr/bin/clang -v -E -dM -isysroot /Applications/Xcode.app/Contents/Developer/Platforms/iPhoneSimulator.platform/Developer/SDKs/iPhoneSimulator18.0.sdk -x c -c /dev/null

ExecuteExternalTool /Applications/Xcode.app/Contents/Developer/usr/bin/actool --version --output-format xml1

ExecuteExternalTool /Applications/Xcode.app/Contents/Developer/Toolchains/XcodeDefault.xctoolchain/usr/bin/swiftc --version

ExecuteExternalTool /Applications/Xcode.app/Contents/Developer/Toolchains/XcodeDefault.xctoolchain/usr/bin/ld -version_details

Build description signature: 6327a5ac3fa9569a655f04e7e2062d5d
Build description path: /Users/fabricioalvarenga/Library/Developer/Xcode/DerivedData/Hidroly-elzuktlznbzslaasjbjjtdthehri/Build/Intermediates.noindex/XCBuildData/6327a5ac3fa9569a655f04e7e2062d5d.xcbuilddata
ClangStatCache /Applications/Xcode.app/Contents/Developer/Toolchains/XcodeDefault.xctoolchain/usr/bin/clang-stat-cache /Applications/Xcode.app/Contents/Developer/Platforms/iPhoneSimulator.platform/Developer/SDKs/iPhoneSimulator18.0.sdk /Users/fabricioalvarenga/Library/Developer/Xcode/DerivedData/SDKStatCaches.noindex/iphonesimulator18.0-22A3362-db63dc9361471f152f572502bdbfe70a.sdkstatcache
    cd /Users/fabricioalvarenga/Desktop/Developer/Hidroly/Hidroly.xcodeproj
    /Applications/Xcode.app/Contents/Developer/Toolchains/XcodeDefault.xctoolchain/usr/bin/clang-stat-cache /Applications/Xcode.app/Contents/Developer/Platforms/iPhoneSimulator.platform/Developer/SDKs/iPhoneSimulator18.0.sdk -o /Users/fabricioalvarenga/Library/Developer/Xcode/DerivedData/SDKStatCaches.noindex/iphonesimulator18.0-22A3362-db63dc9361471f152f572502bdbfe70a.sdkstatcache

CreateBuildDirectory /Users/fabricioalvarenga/Library/Developer/Xcode/DerivedData/Hidroly-elzuktlznbzslaasjbjjtdthehri/Build/Intermediates.noindex
    cd /Users/fabricioalvarenga/Desktop/Developer/Hidroly/Hidroly.xcodeproj
    builtin-create-build-directory /Users/fabricioalvarenga/Library/Developer/Xcode/DerivedData/Hidroly-elzuktlznbzslaasjbjjtdthehri/Build/Intermediates.noindex

CreateBuildDirectory /Users/fabricioalvarenga/Library/Developer/Xcode/DerivedData/Hidroly-elzuktlznbzslaasjbjjtdthehri/Build/Products
    cd /Users/fabricioalvarenga/Desktop/Developer/Hidroly/Hidroly.xcodeproj
    builtin-create-build-directory /Users/fabricioalvarenga/Library/Developer/Xcode/DerivedData/Hidroly-elzuktlznbzslaasjbjjtdthehri/Build/Products

CreateBuildDirectory /Users/fabricioalvarenga/Library/Developer/Xcode/DerivedData/Hidroly-elzuktlznbzslaasjbjjtdthehri/Build/Products/Debug-iphonesimulator
    cd /Users/fabricioalvarenga/Desktop/Developer/Hidroly/Hidroly.xcodeproj
    builtin-create-build-directory /Users/fabricioalvarenga/Library/Developer/Xcode/DerivedData/Hidroly-elzuktlznbzslaasjbjjtdthehri/Build/Products/Debug-iphonesimulator

WriteAuxiliaryFile /Users/fabricioalvarenga/Library/Developer/Xcode/DerivedData/Hidroly-elzuktlznbzslaasjbjjtdthehri/Build/Intermediates.noindex/Hidroly.build/Debug-iphonesimulator/Hidroly-b8df2e1aa2d05cb5e4fe4cbe70e0e085-VFS-iphonesimulator/all-product-headers.yaml
    cd /Users/fabricioalvarenga/Desktop/Developer/Hidroly/Hidroly.xcodeproj
    write-file /Users/fabricioalvarenga/Library/Developer/Xcode/DerivedData/Hidroly-elzuktlznbzslaasjbjjtdthehri/Build/Intermediates.noindex/Hidroly.build/Debug-iphonesimulator/Hidroly-b8df2e1aa2d05cb5e4fe4cbe70e0e085-VFS-iphonesimulator/all-product-headers.yaml

CreateBuildDirectory /Users/fabricioalvarenga/Library/Developer/Xcode/DerivedData/Hidroly-elzuktlznbzslaasjbjjtdthehri/Build/Intermediates.noindex/EagerLinkingTBDs/Debug-iphonesimulator
    cd /Users/fabricioalvarenga/Desktop/Developer/Hidroly/Hidroly.xcodeproj
    builtin-create-build-directory /Users/fabricioalvarenga/Library/Developer/Xcode/DerivedData/Hidroly-elzuktlznbzslaasjbjjtdthehri/Build/Intermediates.noindex/EagerLinkingTBDs/Debug-iphonesimulator

WriteAuxiliaryFile /Users/fabricioalvarenga/Library/Developer/Xcode/DerivedData/Hidroly-elzuktlznbzslaasjbjjtdthehri/Build/Intermediates.noindex/Hidroly.build/Debug-iphonesimulator/Hidroly.build/Hidroly-own-target-headers.hmap (in target 'Hidroly' from project 'Hidroly')
    cd /Users/fabricioalvarenga/Desktop/Developer/Hidroly
    write-file /Users/fabricioalvarenga/Library/Developer/Xcode/DerivedData/Hidroly-elzuktlznbzslaasjbjjtdthehri/Build/Intermediates.noindex/Hidroly.build/Debug-iphonesimulator/Hidroly.build/Hidroly-own-target-headers.hmap

WriteAuxiliaryFile /Users/fabricioalvarenga/Library/Developer/Xcode/DerivedData/Hidroly-elzuktlznbzslaasjbjjtdthehri/Build/Intermediates.noindex/Hidroly.build/Debug-iphonesimulator/Hidroly.build/Hidroly.hmap (in target 'Hidroly' from project 'Hidroly')
    cd /Users/fabricioalvarenga/Desktop/Developer/Hidroly
    write-file /Users/fabricioalvarenga/Library/Developer/Xcode/DerivedData/Hidroly-elzuktlznbzslaasjbjjtdthehri/Build/Intermediates.noindex/Hidroly.build/Debug-iphonesimulator/Hidroly.build/Hidroly.hmap

WriteAuxiliaryFile /Users/fabricioalvarenga/Library/Developer/Xcode/DerivedData/Hidroly-elzuktlznbzslaasjbjjtdthehri/Build/Intermediates.noindex/Hidroly.build/Debug-iphonesimulator/Hidroly.build/Hidroly-project-headers.hmap (in target 'Hidroly' from project 'Hidroly')
    cd /Users/fabricioalvarenga/Desktop/Developer/Hidroly
    write-file /Users/fabricioalvarenga/Library/Developer/Xcode/DerivedData/Hidroly-elzuktlznbzslaasjbjjtdthehri/Build/Intermediates.noindex/Hidroly.build/Debug-iphonesimulator/Hidroly.build/Hidroly-project-headers.hmap

WriteAuxiliaryFile /Users/fabricioalvarenga/Library/Developer/Xcode/DerivedData/Hidroly-elzuktlznbzslaasjbjjtdthehri/Build/Intermediates.noindex/Hidroly.build/Debug-iphonesimulator/Hidroly.build/Hidroly-generated-files.hmap (in target 'Hidroly' from project 'Hidroly')
    cd /Users/fabricioalvarenga/Desktop/Developer/Hidroly
    write-file /Users/fabricioalvarenga/Library/Developer/Xcode/DerivedData/Hidroly-elzuktlznbzslaasjbjjtdthehri/Build/Intermediates.noindex/Hidroly.build/Debug-iphonesimulator/Hidroly.build/Hidroly-generated-files.hmap

WriteAuxiliaryFile /Users/fabricioalvarenga/Library/Developer/Xcode/DerivedData/Hidroly-elzuktlznbzslaasjbjjtdthehri/Build/Intermediates.noindex/Hidroly.build/Debug-iphonesimulator/Hidroly.build/Hidroly-all-target-headers.hmap (in target 'Hidroly' from project 'Hidroly')
    cd /Users/fabricioalvarenga/Desktop/Developer/Hidroly
    write-file /Users/fabricioalvarenga/Library/Developer/Xcode/DerivedData/Hidroly-elzuktlznbzslaasjbjjtdthehri/Build/Intermediates.noindex/Hidroly.build/Debug-iphonesimulator/Hidroly.build/Hidroly-all-target-headers.hmap

WriteAuxiliaryFile /Users/fabricioalvarenga/Library/Developer/Xcode/DerivedData/Hidroly-elzuktlznbzslaasjbjjtdthehri/Build/Intermediates.noindex/Hidroly.build/Debug-iphonesimulator/Hidroly.build/empty-Hidroly.plist (in target 'Hidroly' from project 'Hidroly')
    cd /Users/fabricioalvarenga/Desktop/Developer/Hidroly
    write-file /Users/fabricioalvarenga/Library/Developer/Xcode/DerivedData/Hidroly-elzuktlznbzslaasjbjjtdthehri/Build/Intermediates.noindex/Hidroly.build/Debug-iphonesimulator/Hidroly.build/empty-Hidroly.plist

WriteAuxiliaryFile /Users/fabricioalvarenga/Library/Developer/Xcode/DerivedData/Hidroly-elzuktlznbzslaasjbjjtdthehri/Build/Intermediates.noindex/Hidroly.build/Debug-iphonesimulator/Hidroly.build/Objects-normal/arm64/Hidroly-OutputFileMap.json (in target 'Hidroly' from project 'Hidroly')
    cd /Users/fabricioalvarenga/Desktop/Developer/Hidroly
    write-file /Users/fabricioalvarenga/Library/Developer/Xcode/DerivedData/Hidroly-elzuktlznbzslaasjbjjtdthehri/Build/Intermediates.noindex/Hidroly.build/Debug-iphonesimulator/Hidroly.build/Objects-normal/arm64/Hidroly-OutputFileMap.json

WriteAuxiliaryFile /Users/fabricioalvarenga/Library/Developer/Xcode/DerivedData/Hidroly-elzuktlznbzslaasjbjjtdthehri/Build/Intermediates.noindex/Hidroly.build/Debug-iphonesimulator/Hidroly.build/Objects-normal/arm64/Hidroly_const_extract_protocols.json (in target 'Hidroly' from project 'Hidroly')
    cd /Users/fabricioalvarenga/Desktop/Developer/Hidroly
    write-file /Users/fabricioalvarenga/Library/Developer/Xcode/DerivedData/Hidroly-elzuktlznbzslaasjbjjtdthehri/Build/Intermediates.noindex/Hidroly.build/Debug-iphonesimulator/Hidroly.build/Objects-normal/arm64/Hidroly_const_extract_protocols.json

WriteAuxiliaryFile /Users/fabricioalvarenga/Library/Developer/Xcode/DerivedData/Hidroly-elzuktlznbzslaasjbjjtdthehri/Build/Intermediates.noindex/Hidroly.build/Debug-iphonesimulator/Hidroly.build/Objects-normal/arm64/Hidroly.LinkFileList (in target 'Hidroly' from project 'Hidroly')
    cd /Users/fabricioalvarenga/Desktop/Developer/Hidroly
    write-file /Users/fabricioalvarenga/Library/Developer/Xcode/DerivedData/Hidroly-elzuktlznbzslaasjbjjtdthehri/Build/Intermediates.noindex/Hidroly.build/Debug-iphonesimulator/Hidroly.build/Objects-normal/arm64/Hidroly.LinkFileList

WriteAuxiliaryFile /Users/fabricioalvarenga/Library/Developer/Xcode/DerivedData/Hidroly-elzuktlznbzslaasjbjjtdthehri/Build/Intermediates.noindex/Hidroly.build/Debug-iphonesimulator/Hidroly.build/Hidroly-all-non-framework-target-headers.hmap (in target 'Hidroly' from project 'Hidroly')
    cd /Users/fabricioalvarenga/Desktop/Developer/Hidroly
    write-file /Users/fabricioalvarenga/Library/Developer/Xcode/DerivedData/Hidroly-elzuktlznbzslaasjbjjtdthehri/Build/Intermediates.noindex/Hidroly.build/Debug-iphonesimulator/Hidroly.build/Hidroly-all-non-framework-target-headers.hmap

WriteAuxiliaryFile /Users/fabricioalvarenga/Library/Developer/Xcode/DerivedData/Hidroly-elzuktlznbzslaasjbjjtdthehri/Build/Intermediates.noindex/Hidroly.build/Debug-iphonesimulator/Hidroly.build/Objects-normal/arm64/Hidroly.SwiftFileList (in target 'Hidroly' from project 'Hidroly')
    cd /Users/fabricioalvarenga/Desktop/Developer/Hidroly
    write-file /Users/fabricioalvarenga/Library/Developer/Xcode/DerivedData/Hidroly-elzuktlznbzslaasjbjjtdthehri/Build/Intermediates.noindex/Hidroly.build/Debug-iphonesimulator/Hidroly.build/Objects-normal/arm64/Hidroly.SwiftFileList

WriteAuxiliaryFile /Users/fabricioalvarenga/Library/Developer/Xcode/DerivedData/Hidroly-elzuktlznbzslaasjbjjtdthehri/Build/Intermediates.noindex/Hidroly.build/Debug-iphonesimulator/Hidroly.build/Hidroly.DependencyMetadataFileList (in target 'Hidroly' from project 'Hidroly')
    cd /Users/fabricioalvarenga/Desktop/Developer/Hidroly
    write-file /Users/fabricioalvarenga/Library/Developer/Xcode/DerivedData/Hidroly-elzuktlznbzslaasjbjjtdthehri/Build/Intermediates.noindex/Hidroly.build/Debug-iphonesimulator/Hidroly.build/Hidroly.DependencyMetadataFileList

WriteAuxiliaryFile /Users/fabricioalvarenga/Library/Developer/Xcode/DerivedData/Hidroly-elzuktlznbzslaasjbjjtdthehri/Build/Intermediates.noindex/Hidroly.build/Debug-iphonesimulator/Hidroly.build/Objects-normal/arm64/Hidroly.SwiftConstValuesFileList (in target 'Hidroly' from project 'Hidroly')
    cd /Users/fabricioalvarenga/Desktop/Developer/Hidroly
    write-file /Users/fabricioalvarenga/Library/Developer/Xcode/DerivedData/Hidroly-elzuktlznbzslaasjbjjtdthehri/Build/Intermediates.noindex/Hidroly.build/Debug-iphonesimulator/Hidroly.build/Objects-normal/arm64/Hidroly.SwiftConstValuesFileList

WriteAuxiliaryFile /Users/fabricioalvarenga/Library/Developer/Xcode/DerivedData/Hidroly-elzuktlznbzslaasjbjjtdthehri/Build/Intermediates.noindex/Hidroly.build/Debug-iphonesimulator/Hidroly.build/Hidroly-DebugDylibPath-normal-arm64.txt (in target 'Hidroly' from project 'Hidroly')
    cd /Users/fabricioalvarenga/Desktop/Developer/Hidroly
    write-file /Users/fabricioalvarenga/Library/Developer/Xcode/DerivedData/Hidroly-elzuktlznbzslaasjbjjtdthehri/Build/Intermediates.noindex/Hidroly.build/Debug-iphonesimulator/Hidroly.build/Hidroly-DebugDylibPath-normal-arm64.txt

WriteAuxiliaryFile /Users/fabricioalvarenga/Library/Developer/Xcode/DerivedData/Hidroly-elzuktlznbzslaasjbjjtdthehri/Build/Intermediates.noindex/Hidroly.build/Debug-iphonesimulator/Hidroly.build/Hidroly-DebugDylibInstallName-normal-arm64.txt (in target 'Hidroly' from project 'Hidroly')
    cd /Users/fabricioalvarenga/Desktop/Developer/Hidroly
    write-file /Users/fabricioalvarenga/Library/Developer/Xcode/DerivedData/Hidroly-elzuktlznbzslaasjbjjtdthehri/Build/Intermediates.noindex/Hidroly.build/Debug-iphonesimulator/Hidroly.build/Hidroly-DebugDylibInstallName-normal-arm64.txt

WriteAuxiliaryFile /Users/fabricioalvarenga/Library/Developer/Xcode/DerivedData/Hidroly-elzuktlznbzslaasjbjjtdthehri/Build/Intermediates.noindex/Hidroly.build/Debug-iphonesimulator/Hidroly.build/DerivedSources/Entitlements-Simulated.plist (in target 'Hidroly' from project 'Hidroly')
    cd /Users/fabricioalvarenga/Desktop/Developer/Hidroly
    write-file /Users/fabricioalvarenga/Library/Developer/Xcode/DerivedData/Hidroly-elzuktlznbzslaasjbjjtdthehri/Build/Intermediates.noindex/Hidroly.build/Debug-iphonesimulator/Hidroly.build/DerivedSources/Entitlements-Simulated.plist

MkDir /Users/fabricioalvarenga/Library/Developer/Xcode/DerivedData/Hidroly-elzuktlznbzslaasjbjjtdthehri/Build/Products/Debug-iphonesimulator/Hidroly.app (in target 'Hidroly' from project 'Hidroly')
    cd /Users/fabricioalvarenga/Desktop/Developer/Hidroly
    /bin/mkdir -p /Users/fabricioalvarenga/Library/Developer/Xcode/DerivedData/Hidroly-elzuktlznbzslaasjbjjtdthehri/Build/Products/Debug-iphonesimulator/Hidroly.app

ValidateDevelopmentAssets /Users/fabricioalvarenga/Library/Developer/Xcode/DerivedData/Hidroly-elzuktlznbzslaasjbjjtdthehri/Build/Intermediates.noindex/Hidroly.build/Debug-iphonesimulator/Hidroly.build (in target 'Hidroly' from project 'Hidroly')
    cd /Users/fabricioalvarenga/Desktop/Developer/Hidroly
    builtin-validate-development-assets --validate YES_ERROR /Users/fabricioalvarenga/Desktop/Developer/Hidroly/Hidroly/Preview\ Content

ProcessProductPackaging "" /Users/fabricioalvarenga/Library/Developer/Xcode/DerivedData/Hidroly-elzuktlznbzslaasjbjjtdthehri/Build/Intermediates.noindex/Hidroly.build/Debug-iphonesimulator/Hidroly.build/Hidroly.app-Simulated.xcent (in target 'Hidroly' from project 'Hidroly')
    cd /Users/fabricioalvarenga/Desktop/Developer/Hidroly
    
    Entitlements:
    
    {
    "application-identifier" = "FH4FKU836A.com.alvarenga.Hidroly";
}
    
    builtin-productPackagingUtility -entitlements -format xml -o /Users/fabricioalvarenga/Library/Developer/Xcode/DerivedData/Hidroly-elzuktlznbzslaasjbjjtdthehri/Build/Intermediates.noindex/Hidroly.build/Debug-iphonesimulator/Hidroly.build/Hidroly.app-Simulated.xcent

ProcessProductPackagingDER /Users/fabricioalvarenga/Library/Developer/Xcode/DerivedData/Hidroly-elzuktlznbzslaasjbjjtdthehri/Build/Intermediates.noindex/Hidroly.build/Debug-iphonesimulator/Hidroly.build/Hidroly.app-Simulated.xcent /Users/fabricioalvarenga/Library/Developer/Xcode/DerivedData/Hidroly-elzuktlznbzslaasjbjjtdthehri/Build/Intermediates.noindex/Hidroly.build/Debug-iphonesimulator/Hidroly.build/Hidroly.app-Simulated.xcent.der (in target 'Hidroly' from project 'Hidroly')
    cd /Users/fabricioalvarenga/Desktop/Developer/Hidroly
    /usr/bin/derq query -f xml -i /Users/fabricioalvarenga/Library/Developer/Xcode/DerivedData/Hidroly-elzuktlznbzslaasjbjjtdthehri/Build/Intermediates.noindex/Hidroly.build/Debug-iphonesimulator/Hidroly.build/Hidroly.app-Simulated.xcent -o /Users/fabricioalvarenga/Library/Developer/Xcode/DerivedData/Hidroly-elzuktlznbzslaasjbjjtdthehri/Build/Intermediates.noindex/Hidroly.build/Debug-iphonesimulator/Hidroly.build/Hidroly.app-Simulated.xcent.der --raw

Ld /Users/fabricioalvarenga/Library/Developer/Xcode/DerivedData/Hidroly-elzuktlznbzslaasjbjjtdthehri/Build/Products/Debug-iphonesimulator/Hidroly.app/__preview.dylib normal (in target 'Hidroly' from project 'Hidroly')
    cd /Users/fabricioalvarenga/Desktop/Developer/Hidroly
    /Applications/Xcode.app/Contents/Developer/Toolchains/XcodeDefault.xctoolchain/usr/bin/clang -Xlinker -reproducible -target arm64-apple-ios18.0-simulator -dynamiclib -isysroot /Applications/Xcode.app/Contents/Developer/Platforms/iPhoneSimulator.platform/Developer/SDKs/iPhoneSimulator18.0.sdk -O0 -L/Users/fabricioalvarenga/Library/Developer/Xcode/DerivedData/Hidroly-elzuktlznbzslaasjbjjtdthehri/Build/Products/Debug-iphonesimulator -F/Users/fabricioalvarenga/Library/Developer/Xcode/DerivedData/Hidroly-elzuktlznbzslaasjbjjtdthehri/Build/Products/Debug-iphonesimulator -install_name @rpath/Hidroly.debug.dylib -dead_strip -Xlinker -export_dynamic -Xlinker -no_deduplicate -Xlinker -objc_abi_version -Xlinker 2 -Xlinker -sectcreate -Xlinker __TEXT -Xlinker __entitlements -Xlinker /Users/fabricioalvarenga/Library/Developer/Xcode/DerivedData/Hidroly-elzuktlznbzslaasjbjjtdthehri/Build/Intermediates.noindex/Hidroly.build/Debug-iphonesimulator/Hidroly.build/Hidroly.app-Simulated.xcent -Xlinker -sectcreate -Xlinker __TEXT -Xlinker __ents_der -Xlinker /Users/fabricioalvarenga/Library/Developer/Xcode/DerivedData/Hidroly-elzuktlznbzslaasjbjjtdthehri/Build/Intermediates.noindex/Hidroly.build/Debug-iphonesimulator/Hidroly.build/Hidroly.app-Simulated.xcent.der -o /Users/fabricioalvarenga/Library/Developer/Xcode/DerivedData/Hidroly-elzuktlznbzslaasjbjjtdthehri/Build/Products/Debug-iphonesimulator/Hidroly.app/__preview.dylib

GenerateAssetSymbols /Users/fabricioalvarenga/Desktop/Developer/Hidroly/Hidroly/Preview\ Content/Preview\ Assets.xcassets /Users/fabricioalvarenga/Desktop/Developer/Hidroly/Hidroly/Assets.xcassets (in target 'Hidroly' from project 'Hidroly')
    cd /Users/fabricioalvarenga/Desktop/Developer/Hidroly
    /Applications/Xcode.app/Contents/Developer/usr/bin/actool --output-format human-readable-text --notices --warnings --export-dependency-info /Users/fabricioalvarenga/Library/Developer/Xcode/DerivedData/Hidroly-elzuktlznbzslaasjbjjtdthehri/Build/Intermediates.noindex/Hidroly.build/Debug-iphonesimulator/Hidroly.build/assetcatalog_dependencies --output-partial-info-plist /Users/fabricioalvarenga/Library/Developer/Xcode/DerivedData/Hidroly-elzuktlznbzslaasjbjjtdthehri/Build/Intermediates.noindex/Hidroly.build/Debug-iphonesimulator/Hidroly.build/assetcatalog_generated_info.plist --app-icon AppIcon --accent-color AccentColor --compress-pngs --enable-on-demand-resources YES --development-region en --target-device iphone --target-device ipad --minimum-deployment-target 18.0 --platform iphonesimulator --compile /Users/fabricioalvarenga/Library/Developer/Xcode/DerivedData/Hidroly-elzuktlznbzslaasjbjjtdthehri/Build/Products/Debug-iphonesimulator/Hidroly.app /Users/fabricioalvarenga/Desktop/Developer/Hidroly/Hidroly/Preview\ Content/Preview\ Assets.xcassets /Users/fabricioalvarenga/Desktop/Developer/Hidroly/Hidroly/Assets.xcassets --bundle-identifier com.alvarenga.Hidroly --generate-swift-asset-symbols /Users/fabricioalvarenga/Library/Developer/Xcode/DerivedData/Hidroly-elzuktlznbzslaasjbjjtdthehri/Build/Intermediates.noindex/Hidroly.build/Debug-iphonesimulator/Hidroly.build/DerivedSources/GeneratedAssetSymbols.swift --generate-objc-asset-symbols /Users/fabricioalvarenga/Library/Developer/Xcode/DerivedData/Hidroly-elzuktlznbzslaasjbjjtdthehri/Build/Intermediates.noindex/Hidroly.build/Debug-iphonesimulator/Hidroly.build/DerivedSources/GeneratedAssetSymbols.h --generate-asset-symbol-index /Users/fabricioalvarenga/Library/Developer/Xcode/DerivedData/Hidroly-elzuktlznbzslaasjbjjtdthehri/Build/Intermediates.noindex/Hidroly.build/Debug-iphonesimulator/Hidroly.build/DerivedSources/GeneratedAssetSymbols-Index.plist
/* com.apple.actool.compilation-results */
/Users/fabricioalvarenga/Library/Developer/Xcode/DerivedData/Hidroly-elzuktlznbzslaasjbjjtdthehri/Build/Intermediates.noindex/Hidroly.build/Debug-iphonesimulator/Hidroly.build/DerivedSources/GeneratedAssetSymbols-Index.plist
/Users/fabricioalvarenga/Library/Developer/Xcode/DerivedData/Hidroly-elzuktlznbzslaasjbjjtdthehri/Build/Intermediates.noindex/Hidroly.build/Debug-iphonesimulator/Hidroly.build/DerivedSources/GeneratedAssetSymbols.h
/Users/fabricioalvarenga/Library/Developer/Xcode/DerivedData/Hidroly-elzuktlznbzslaasjbjjtdthehri/Build/Intermediates.noindex/Hidroly.build/Debug-iphonesimulator/Hidroly.build/DerivedSources/GeneratedAssetSymbols.swift


MkDir /Users/fabricioalvarenga/Library/Developer/Xcode/DerivedData/Hidroly-elzuktlznbzslaasjbjjtdthehri/Build/Intermediates.noindex/Hidroly.build/Debug-iphonesimulator/Hidroly.build/assetcatalog_output/thinned (in target 'Hidroly' from project 'Hidroly')
    cd /Users/fabricioalvarenga/Desktop/Developer/Hidroly
    /bin/mkdir -p /Users/fabricioalvarenga/Library/Developer/Xcode/DerivedData/Hidroly-elzuktlznbzslaasjbjjtdthehri/Build/Intermediates.noindex/Hidroly.build/Debug-iphonesimulator/Hidroly.build/assetcatalog_output/thinned

MkDir /Users/fabricioalvarenga/Library/Developer/Xcode/DerivedData/Hidroly-elzuktlznbzslaasjbjjtdthehri/Build/Intermediates.noindex/Hidroly.build/Debug-iphonesimulator/Hidroly.build/assetcatalog_output/unthinned (in target 'Hidroly' from project 'Hidroly')
    cd /Users/fabricioalvarenga/Desktop/Developer/Hidroly
    /bin/mkdir -p /Users/fabricioalvarenga/Library/Developer/Xcode/DerivedData/Hidroly-elzuktlznbzslaasjbjjtdthehri/Build/Intermediates.noindex/Hidroly.build/Debug-iphonesimulator/Hidroly.build/assetcatalog_output/unthinned

CompileAssetCatalogVariant thinned /Users/fabricioalvarenga/Library/Developer/Xcode/DerivedData/Hidroly-elzuktlznbzslaasjbjjtdthehri/Build/Products/Debug-iphonesimulator/Hidroly.app /Users/fabricioalvarenga/Desktop/Developer/Hidroly/Hidroly/Preview\ Content/Preview\ Assets.xcassets /Users/fabricioalvarenga/Desktop/Developer/Hidroly/Hidroly/Assets.xcassets (in target 'Hidroly' from project 'Hidroly')
    cd /Users/fabricioalvarenga/Desktop/Developer/Hidroly
    /Applications/Xcode.app/Contents/Developer/usr/bin/actool --output-format human-readable-text --notices --warnings --export-dependency-info /Users/fabricioalvarenga/Library/Developer/Xcode/DerivedData/Hidroly-elzuktlznbzslaasjbjjtdthehri/Build/Intermediates.noindex/Hidroly.build/Debug-iphonesimulator/Hidroly.build/assetcatalog_dependencies_thinned --output-partial-info-plist /Users/fabricioalvarenga/Library/Developer/Xcode/DerivedData/Hidroly-elzuktlznbzslaasjbjjtdthehri/Build/Intermediates.noindex/Hidroly.build/Debug-iphonesimulator/Hidroly.build/assetcatalog_generated_info.plist --app-icon AppIcon --accent-color AccentColor --compress-pngs --enable-on-demand-resources YES --filter-for-thinning-device-configuration iPhone17,1 --filter-for-device-os-version 18.0 --development-region en --target-device iphone --target-device ipad --minimum-deployment-target 18.0 --platform iphonesimulator --compile /Users/fabricioalvarenga/Library/Developer/Xcode/DerivedData/Hidroly-elzuktlznbzslaasjbjjtdthehri/Build/Intermediates.noindex/Hidroly.build/Debug-iphonesimulator/Hidroly.build/assetcatalog_output/thinned /Users/fabricioalvarenga/Desktop/Developer/Hidroly/Hidroly/Preview\ Content/Preview\ Assets.xcassets /Users/fabricioalvarenga/Desktop/Developer/Hidroly/Hidroly/Assets.xcassets
/* com.apple.actool.compilation-results */
/Users/fabricioalvarenga/Library/Developer/Xcode/DerivedData/Hidroly-elzuktlznbzslaasjbjjtdthehri/Build/Intermediates.noindex/Hidroly.build/Debug-iphonesimulator/Hidroly.build/assetcatalog_generated_info.plist


LinkAssetCatalog /Users/fabricioalvarenga/Desktop/Developer/Hidroly/Hidroly/Preview\ Content/Preview\ Assets.xcassets /Users/fabricioalvarenga/Desktop/Developer/Hidroly/Hidroly/Assets.xcassets (in target 'Hidroly' from project 'Hidroly')
    cd /Users/fabricioalvarenga/Desktop/Developer/Hidroly
    builtin-linkAssetCatalog --thinned /Users/fabricioalvarenga/Library/Developer/Xcode/DerivedData/Hidroly-elzuktlznbzslaasjbjjtdthehri/Build/Intermediates.noindex/Hidroly.build/Debug-iphonesimulator/Hidroly.build/assetcatalog_output/thinned --thinned-dependencies /Users/fabricioalvarenga/Library/Developer/Xcode/DerivedData/Hidroly-elzuktlznbzslaasjbjjtdthehri/Build/Intermediates.noindex/Hidroly.build/Debug-iphonesimulator/Hidroly.build/assetcatalog_dependencies_thinned --unthinned /Users/fabricioalvarenga/Library/Developer/Xcode/DerivedData/Hidroly-elzuktlznbzslaasjbjjtdthehri/Build/Intermediates.noindex/Hidroly.build/Debug-iphonesimulator/Hidroly.build/assetcatalog_output/unthinned --unthinned-dependencies /Users/fabricioalvarenga/Library/Developer/Xcode/DerivedData/Hidroly-elzuktlznbzslaasjbjjtdthehri/Build/Intermediates.noindex/Hidroly.build/Debug-iphonesimulator/Hidroly.build/assetcatalog_dependencies_unthinned --output /Users/fabricioalvarenga/Library/Developer/Xcode/DerivedData/Hidroly-elzuktlznbzslaasjbjjtdthehri/Build/Products/Debug-iphonesimulator/Hidroly.app

ProcessInfoPlistFile /Users/fabricioalvarenga/Library/Developer/Xcode/DerivedData/Hidroly-elzuktlznbzslaasjbjjtdthehri/Build/Products/Debug-iphonesimulator/Hidroly.app/Info.plist /Users/fabricioalvarenga/Library/Developer/Xcode/DerivedData/Hidroly-elzuktlznbzslaasjbjjtdthehri/Build/Intermediates.noindex/Hidroly.build/Debug-iphonesimulator/Hidroly.build/empty-Hidroly.plist (in target 'Hidroly' from project 'Hidroly')
    cd /Users/fabricioalvarenga/Desktop/Developer/Hidroly
    builtin-infoPlistUtility /Users/fabricioalvarenga/Library/Developer/Xcode/DerivedData/Hidroly-elzuktlznbzslaasjbjjtdthehri/Build/Intermediates.noindex/Hidroly.build/Debug-iphonesimulator/Hidroly.build/empty-Hidroly.plist -producttype com.apple.product-type.application -genpkginfo /Users/fabricioalvarenga/Library/Developer/Xcode/DerivedData/Hidroly-elzuktlznbzslaasjbjjtdthehri/Build/Products/Debug-iphonesimulator/Hidroly.app/PkgInfo -expandbuildsettings -format binary -platform iphonesimulator -additionalcontentfile /Users/fabricioalvarenga/Library/Developer/Xcode/DerivedData/Hidroly-elzuktlznbzslaasjbjjtdthehri/Build/Intermediates.noindex/Hidroly.build/Debug-iphonesimulator/Hidroly.build/assetcatalog_generated_info.plist -o /Users/fabricioalvarenga/Library/Developer/Xcode/DerivedData/Hidroly-elzuktlznbzslaasjbjjtdthehri/Build/Products/Debug-iphonesimulator/Hidroly.app/Info.plist

SwiftDriver Hidroly normal arm64 com.apple.xcode.tools.swift.compiler (in target 'Hidroly' from project 'Hidroly')
    cd /Users/fabricioalvarenga/Desktop/Developer/Hidroly
    builtin-SwiftDriver -- /Applications/Xcode.app/Contents/Developer/Toolchains/XcodeDefault.xctoolchain/usr/bin/swiftc -module-name Hidroly -Onone -enforce-exclusivity\=checked @/Users/fabricioalvarenga/Library/Developer/Xcode/DerivedData/Hidroly-elzuktlznbzslaasjbjjtdthehri/Build/Intermediates.noindex/Hidroly.build/Debug-iphonesimulator/Hidroly.build/Objects-normal/arm64/Hidroly.SwiftFileList -DDEBUG -enable-bare-slash-regex -enable-experimental-feature DebugDescriptionMacro -sdk /Applications/Xcode.app/Contents/Developer/Platforms/iPhoneSimulator.platform/Developer/SDKs/iPhoneSimulator18.0.sdk -target arm64-apple-ios18.0-simulator -g -module-cache-path /Users/fabricioalvarenga/Library/Developer/Xcode/DerivedData/ModuleCache.noindex -Xfrontend -serialize-debugging-options -enable-testing -index-store-path /Users/fabricioalvarenga/Library/Developer/Xcode/DerivedData/Hidroly-elzuktlznbzslaasjbjjtdthehri/Index.noindex/DataStore -enable-experimental-feature OpaqueTypeErasure -Xcc -D_LIBCPP_HARDENING_MODE\=_LIBCPP_HARDENING_MODE_DEBUG -swift-version 5 -I /Users/fabricioalvarenga/Library/Developer/Xcode/DerivedData/Hidroly-elzuktlznbzslaasjbjjtdthehri/Build/Products/Debug-iphonesimulator -F /Users/fabricioalvarenga/Library/Developer/Xcode/DerivedData/Hidroly-elzuktlznbzslaasjbjjtdthehri/Build/Products/Debug-iphonesimulator -emit-localized-strings -emit-localized-strings-path /Users/fabricioalvarenga/Library/Developer/Xcode/DerivedData/Hidroly-elzuktlznbzslaasjbjjtdthehri/Build/Intermediates.noindex/Hidroly.build/Debug-iphonesimulator/Hidroly.build/Objects-normal/arm64 -c -j11 -enable-batch-mode -incremental -Xcc -ivfsstatcache -Xcc /Users/fabricioalvarenga/Library/Developer/Xcode/DerivedData/SDKStatCaches.noindex/iphonesimulator18.0-22A3362-db63dc9361471f152f572502bdbfe70a.sdkstatcache -output-file-map /Users/fabricioalvarenga/Library/Developer/Xcode/DerivedData/Hidroly-elzuktlznbzslaasjbjjtdthehri/Build/Intermediates.noindex/Hidroly.build/Debug-iphonesimulator/Hidroly.build/Objects-normal/arm64/Hidroly-OutputFileMap.json -use-frontend-parseable-output -save-temps -no-color-diagnostics -serialize-diagnostics -emit-dependencies -emit-module -emit-module-path /Users/fabricioalvarenga/Library/Developer/Xcode/DerivedData/Hidroly-elzuktlznbzslaasjbjjtdthehri/Build/Intermediates.noindex/Hidroly.build/Debug-iphonesimulator/Hidroly.build/Objects-normal/arm64/Hidroly.swiftmodule -validate-clang-modules-once -clang-build-session-file /Users/fabricioalvarenga/Library/Developer/Xcode/DerivedData/ModuleCache.noindex/Session.modulevalidation -Xcc -I/Users/fabricioalvarenga/Library/Developer/Xcode/DerivedData/Hidroly-elzuktlznbzslaasjbjjtdthehri/Build/Intermediates.noindex/Hidroly.build/Debug-iphonesimulator/Hidroly.build/swift-overrides.hmap -emit-const-values -Xfrontend -const-gather-protocols-file -Xfrontend /Users/fabricioalvarenga/Library/Developer/Xcode/DerivedData/Hidroly-elzuktlznbzslaasjbjjtdthehri/Build/Intermediates.noindex/Hidroly.build/Debug-iphonesimulator/Hidroly.build/Objects-normal/arm64/Hidroly_const_extract_protocols.json -Xcc -iquote -Xcc /Users/fabricioalvarenga/Library/Developer/Xcode/DerivedData/Hidroly-elzuktlznbzslaasjbjjtdthehri/Build/Intermediates.noindex/Hidroly.build/Debug-iphonesimulator/Hidroly.build/Hidroly-generated-files.hmap -Xcc -I/Users/fabricioalvarenga/Library/Developer/Xcode/DerivedData/Hidroly-elzuktlznbzslaasjbjjtdthehri/Build/Intermediates.noindex/Hidroly.build/Debug-iphonesimulator/Hidroly.build/Hidroly-own-target-headers.hmap -Xcc -I/Users/fabricioalvarenga/Library/Developer/Xcode/DerivedData/Hidroly-elzuktlznbzslaasjbjjtdthehri/Build/Intermediates.noindex/Hidroly.build/Debug-iphonesimulator/Hidroly.build/Hidroly-all-target-headers.hmap -Xcc -iquote -Xcc /Users/fabricioalvarenga/Library/Developer/Xcode/DerivedData/Hidroly-elzuktlznbzslaasjbjjtdthehri/Build/Intermediates.noindex/Hidroly.build/Debug-iphonesimulator/Hidroly.build/Hidroly-project-headers.hmap -Xcc -I/Users/fabricioalvarenga/Library/Developer/Xcode/DerivedData/Hidroly-elzuktlznbzslaasjbjjtdthehri/Build/Products/Debug-iphonesimulator/include -Xcc -I/Users/fabricioalvarenga/Library/Developer/Xcode/DerivedData/Hidroly-elzuktlznbzslaasjbjjtdthehri/Build/Intermediates.noindex/Hidroly.build/Debug-iphonesimulator/Hidroly.build/DerivedSources-normal/arm64 -Xcc -I/Users/fabricioalvarenga/Library/Developer/Xcode/DerivedData/Hidroly-elzuktlznbzslaasjbjjtdthehri/Build/Intermediates.noindex/Hidroly.build/Debug-iphonesimulator/Hidroly.build/DerivedSources/arm64 -Xcc -I/Users/fabricioalvarenga/Library/Developer/Xcode/DerivedData/Hidroly-elzuktlznbzslaasjbjjtdthehri/Build/Intermediates.noindex/Hidroly.build/Debug-iphonesimulator/Hidroly.build/DerivedSources -Xcc -DDEBUG\=1 -emit-objc-header -emit-objc-header-path /Users/fabricioalvarenga/Library/Developer/Xcode/DerivedData/Hidroly-elzuktlznbzslaasjbjjtdthehri/Build/Intermediates.noindex/Hidroly.build/Debug-iphonesimulator/Hidroly.build/Objects-normal/arm64/Hidroly-Swift.h -working-directory /Users/fabricioalvarenga/Desktop/Developer/Hidroly -experimental-emit-module-separately -disable-cmo

SwiftEmitModule normal arm64 Emitting\ module\ for\ Hidroly (in target 'Hidroly' from project 'Hidroly')
    cd /Users/fabricioalvarenga/Desktop/Developer/Hidroly
    builtin-swiftTaskExecution -- /Applications/Xcode.app/Contents/Developer/Toolchains/XcodeDefault.xctoolchain/usr/bin/swift-frontend -frontend -emit-module -experimental-skip-non-inlinable-function-bodies-without-types /Users/fabricioalvarenga/Desktop/Developer/Hidroly/Hidroly/Components/CustomTabBar.swift /Users/fabricioalvarenga/Desktop/Developer/Hidroly/Hidroly/Models/ActivityModel.swift /Users/fabricioalvarenga/Desktop/Developer/Hidroly/Hidroly/Models/AgeModel.swift /Users/fabricioalvarenga/Desktop/Developer/Hidroly/Hidroly/Models/ClimateModel.swift /Users/fabricioalvarenga/Desktop/Developer/Hidroly/Hidroly/Models/DietModel.swift /Users/fabricioalvarenga/Desktop/Developer/Hidroly/Hidroly/Models/GenderModel.swift /Users/fabricioalvarenga/Desktop/Developer/Hidroly/Hidroly/Models/TabModel.swift /Users/fabricioalvarenga/Desktop/Developer/Hidroly/Hidroly/Models/WeightModel.swift /Users/fabricioalvarenga/Desktop/Developer/Hidroly/Hidroly/Views/ContentView.swift /Users/fabricioalvarenga/Desktop/Developer/Hidroly/Hidroly/Views/HomeView.swift /Users/fabricioalvarenga/Desktop/Developer/Hidroly/Hidroly/HidrolyApp.swift /Users/fabricioalvarenga/Library/Developer/Xcode/DerivedData/Hidroly-elzuktlznbzslaasjbjjtdthehri/Build/Intermediates.noindex/Hidroly.build/Debug-iphonesimulator/Hidroly.build/DerivedSources/GeneratedAssetSymbols.swift -target arm64-apple-ios18.0-simulator -Xllvm -aarch64-use-tbi -enable-objc-interop -sdk /Applications/Xcode.app/Contents/Developer/Platforms/iPhoneSimulator.platform/Developer/SDKs/iPhoneSimulator18.0.sdk -I /Users/fabricioalvarenga/Library/Developer/Xcode/DerivedData/Hidroly-elzuktlznbzslaasjbjjtdthehri/Build/Products/Debug-iphonesimulator -F /Users/fabricioalvarenga/Library/Developer/Xcode/DerivedData/Hidroly-elzuktlznbzslaasjbjjtdthehri/Build/Products/Debug-iphonesimulator -no-color-diagnostics -enable-testing -g -debug-info-format\=dwarf -dwarf-version\=5 -module-cache-path /Users/fabricioalvarenga/Library/Developer/Xcode/DerivedData/ModuleCache.noindex -swift-version 5 -enforce-exclusivity\=checked -Onone -D DEBUG -serialize-debugging-options -const-gather-protocols-file /Users/fabricioalvarenga/Library/Developer/Xcode/DerivedData/Hidroly-elzuktlznbzslaasjbjjtdthehri/Build/Intermediates.noindex/Hidroly.build/Debug-iphonesimulator/Hidroly.build/Objects-normal/arm64/Hidroly_const_extract_protocols.json -enable-experimental-feature DebugDescriptionMacro -enable-experimental-feature OpaqueTypeErasure -enable-bare-slash-regex -empty-abi-descriptor -validate-clang-modules-once -clang-build-session-file /Users/fabricioalvarenga/Library/Developer/Xcode/DerivedData/ModuleCache.noindex/Session.modulevalidation -Xcc -working-directory -Xcc /Users/fabricioalvarenga/Desktop/Developer/Hidroly -resource-dir /Applications/Xcode.app/Contents/Developer/Toolchains/XcodeDefault.xctoolchain/usr/lib/swift -enable-anonymous-context-mangled-names -file-compilation-dir /Users/fabricioalvarenga/Desktop/Developer/Hidroly -Xcc -D_LIBCPP_HARDENING_MODE\=_LIBCPP_HARDENING_MODE_DEBUG -Xcc -ivfsstatcache -Xcc /Users/fabricioalvarenga/Library/Developer/Xcode/DerivedData/SDKStatCaches.noindex/iphonesimulator18.0-22A3362-db63dc9361471f152f572502bdbfe70a.sdkstatcache -Xcc -I/Users/fabricioalvarenga/Library/Developer/Xcode/DerivedData/Hidroly-elzuktlznbzslaasjbjjtdthehri/Build/Intermediates.noindex/Hidroly.build/Debug-iphonesimulator/Hidroly.build/swift-overrides.hmap -Xcc -iquote -Xcc /Users/fabricioalvarenga/Library/Developer/Xcode/DerivedData/Hidroly-elzuktlznbzslaasjbjjtdthehri/Build/Intermediates.noindex/Hidroly.build/Debug-iphonesimulator/Hidroly.build/Hidroly-generated-files.hmap -Xcc -I/Users/fabricioalvarenga/Library/Developer/Xcode/DerivedData/Hidroly-elzuktlznbzslaasjbjjtdthehri/Build/Intermediates.noindex/Hidroly.build/Debug-iphonesimulator/Hidroly.build/Hidroly-own-target-headers.hmap -Xcc -I/Users/fabricioalvarenga/Library/Developer/Xcode/DerivedData/Hidroly-elzuktlznbzslaasjbjjtdthehri/Build/Intermediates.noindex/Hidroly.build/Debug-iphonesimulator/Hidroly.build/Hidroly-all-target-headers.hmap -Xcc -iquote -Xcc /Users/fabricioalvarenga/Library/Developer/Xcode/DerivedData/Hidroly-elzuktlznbzslaasjbjjtdthehri/Build/Intermediates.noindex/Hidroly.build/Debug-iphonesimulator/Hidroly.build/Hidroly-project-headers.hmap -Xcc -I/Users/fabricioalvarenga/Library/Developer/Xcode/DerivedData/Hidroly-elzuktlznbzslaasjbjjtdthehri/Build/Products/Debug-iphonesimulator/include -Xcc -I/Users/fabricioalvarenga/Library/Developer/Xcode/DerivedData/Hidroly-elzuktlznbzslaasjbjjtdthehri/Build/Intermediates.noindex/Hidroly.build/Debug-iphonesimulator/Hidroly.build/DerivedSources-normal/arm64 -Xcc -I/Users/fabricioalvarenga/Library/Developer/Xcode/DerivedData/Hidroly-elzuktlznbzslaasjbjjtdthehri/Build/Intermediates.noindex/Hidroly.build/Debug-iphonesimulator/Hidroly.build/DerivedSources/arm64 -Xcc -I/Users/fabricioalvarenga/Library/Developer/Xcode/DerivedData/Hidroly-elzuktlznbzslaasjbjjtdthehri/Build/Intermediates.noindex/Hidroly.build/Debug-iphonesimulator/Hidroly.build/DerivedSources -Xcc -DDEBUG\=1 -module-name Hidroly -frontend-parseable-output -disable-clang-spi -target-sdk-version 18.0 -target-sdk-name iphonesimulator18.0 -external-plugin-path /Applications/Xcode.app/Contents/Developer/Platforms/iPhoneOS.platform/Developer/usr/lib/swift/host/plugins\#/Applications/Xcode.app/Contents/Developer/Platforms/iPhoneOS.platform/Developer/usr/bin/swift-plugin-server -external-plugin-path /Applications/Xcode.app/Contents/Developer/Platforms/iPhoneOS.platform/Developer/usr/local/lib/swift/host/plugins\#/Applications/Xcode.app/Contents/Developer/Platforms/iPhoneOS.platform/Developer/usr/bin/swift-plugin-server -plugin-path /Applications/Xcode.app/Contents/Developer/Toolchains/XcodeDefault.xctoolchain/usr/lib/swift/host/plugins -plugin-path /Applications/Xcode.app/Contents/Developer/Toolchains/XcodeDefault.xctoolchain/usr/local/lib/swift/host/plugins -emit-module-doc-path /Users/fabricioalvarenga/Library/Developer/Xcode/DerivedData/Hidroly-elzuktlznbzslaasjbjjtdthehri/Build/Intermediates.noindex/Hidroly.build/Debug-iphonesimulator/Hidroly.build/Objects-normal/arm64/Hidroly.swiftdoc -emit-module-source-info-path /Users/fabricioalvarenga/Library/Developer/Xcode/DerivedData/Hidroly-elzuktlznbzslaasjbjjtdthehri/Build/Intermediates.noindex/Hidroly.build/Debug-iphonesimulator/Hidroly.build/Objects-normal/arm64/Hidroly.swiftsourceinfo -emit-objc-header-path /Users/fabricioalvarenga/Library/Developer/Xcode/DerivedData/Hidroly-elzuktlznbzslaasjbjjtdthehri/Build/Intermediates.noindex/Hidroly.build/Debug-iphonesimulator/Hidroly.build/Objects-normal/arm64/Hidroly-Swift.h -serialize-diagnostics-path /Users/fabricioalvarenga/Library/Developer/Xcode/DerivedData/Hidroly-elzuktlznbzslaasjbjjtdthehri/Build/Intermediates.noindex/Hidroly.build/Debug-iphonesimulator/Hidroly.build/Objects-normal/arm64/Hidroly-master-emit-module.dia -emit-dependencies-path /Users/fabricioalvarenga/Library/Developer/Xcode/DerivedData/Hidroly-elzuktlznbzslaasjbjjtdthehri/Build/Intermediates.noindex/Hidroly.build/Debug-iphonesimulator/Hidroly.build/Objects-normal/arm64/Hidroly-master-emit-module.d -o /Users/fabricioalvarenga/Library/Developer/Xcode/DerivedData/Hidroly-elzuktlznbzslaasjbjjtdthehri/Build/Intermediates.noindex/Hidroly.build/Debug-iphonesimulator/Hidroly.build/Objects-normal/arm64/Hidroly.swiftmodule -emit-abi-descriptor-path /Users/fabricioalvarenga/Library/Developer/Xcode/DerivedData/Hidroly-elzuktlznbzslaasjbjjtdthehri/Build/Intermediates.noindex/Hidroly.build/Debug-iphonesimulator/Hidroly.build/Objects-normal/arm64/Hidroly.abi.json

EmitSwiftModule normal arm64 (in target 'Hidroly' from project 'Hidroly')
    cd /Users/fabricioalvarenga/Desktop/Developer/Hidroly
    /Applications/Xcode.app/Contents/Developer/Toolchains/XcodeDefault.xctoolchain/usr/bin/swift-frontend -emit-module -experimental-skip-non-inlinable-function-bodies-without-types /Users/fabricioalvarenga/Desktop/Developer/Hidroly/Hidroly/Components/CustomTabBar.swift /Users/fabricioalvarenga/Desktop/Developer/Hidroly/Hidroly/Models/ActivityModel.swift /Users/fabricioalvarenga/Desktop/Developer/Hidroly/Hidroly/Models/AgeModel.swift /Users/fabricioalvarenga/Desktop/Developer/Hidroly/Hidroly/Models/ClimateModel.swift /Users/fabricioalvarenga/Desktop/Developer/Hidroly/Hidroly/Models/DietModel.swift /Users/fabricioalvarenga/Desktop/Developer/Hidroly/Hidroly/Models/GenderModel.swift /Users/fabricioalvarenga/Desktop/Developer/Hidroly/Hidroly/Models/TabModel.swift /Users/fabricioalvarenga/Desktop/Developer/Hidroly/Hidroly/Models/WeightModel.swift /Users/fabricioalvarenga/Desktop/Developer/Hidroly/Hidroly/Views/ContentView.swift /Users/fabricioalvarenga/Desktop/Developer/Hidroly/Hidroly/Views/HomeView.swift /Users/fabricioalvarenga/Desktop/Developer/Hidroly/Hidroly/HidrolyApp.swift /Users/fabricioalvarenga/Library/Developer/Xcode/DerivedData/Hidroly-elzuktlznbzslaasjbjjtdthehri/Build/Intermediates.noindex/Hidroly.build/Debug-iphonesimulator/Hidroly.build/DerivedSources/GeneratedAssetSymbols.swift -target arm64-apple-ios18.0-simulator -Xllvm -aarch64-use-tbi -enable-objc-interop -sdk /Applications/Xcode.app/Contents/Developer/Platforms/iPhoneSimulator.platform/Developer/SDKs/iPhoneSimulator18.0.sdk -I /Users/fabricioalvarenga/Library/Developer/Xcode/DerivedData/Hidroly-elzuktlznbzslaasjbjjtdthehri/Build/Products/Debug-iphonesimulator -F /Users/fabricioalvarenga/Library/Developer/Xcode/DerivedData/Hidroly-elzuktlznbzslaasjbjjtdthehri/Build/Products/Debug-iphonesimulator -no-color-diagnostics -enable-testing -g -debug-info-format\=dwarf -dwarf-version\=5 -module-cache-path /Users/fabricioalvarenga/Library/Developer/Xcode/DerivedData/ModuleCache.noindex -swift-version 5 -enforce-exclusivity\=checked -Onone -D DEBUG -serialize-debugging-options -const-gather-protocols-file /Users/fabricioalvarenga/Library/Developer/Xcode/DerivedData/Hidroly-elzuktlznbzslaasjbjjtdthehri/Build/Intermediates.noindex/Hidroly.build/Debug-iphonesimulator/Hidroly.build/Objects-normal/arm64/Hidroly_const_extract_protocols.json -enable-experimental-feature DebugDescriptionMacro -enable-experimental-feature OpaqueTypeErasure -enable-bare-slash-regex -empty-abi-descriptor -validate-clang-modules-once -clang-build-session-file /Users/fabricioalvarenga/Library/Developer/Xcode/DerivedData/ModuleCache.noindex/Session.modulevalidation -Xcc -working-directory -Xcc /Users/fabricioalvarenga/Desktop/Developer/Hidroly -resource-dir /Applications/Xcode.app/Contents/Developer/Toolchains/XcodeDefault.xctoolchain/usr/lib/swift -enable-anonymous-context-mangled-names -file-compilation-dir /Users/fabricioalvarenga/Desktop/Developer/Hidroly -Xcc -D_LIBCPP_HARDENING_MODE\=_LIBCPP_HARDENING_MODE_DEBUG -Xcc -ivfsstatcache -Xcc /Users/fabricioalvarenga/Library/Developer/Xcode/DerivedData/SDKStatCaches.noindex/iphonesimulator18.0-22A3362-db63dc9361471f152f572502bdbfe70a.sdkstatcache -Xcc -I/Users/fabricioalvarenga/Library/Developer/Xcode/DerivedData/Hidroly-elzuktlznbzslaasjbjjtdthehri/Build/Intermediates.noindex/Hidroly.build/Debug-iphonesimulator/Hidroly.build/swift-overrides.hmap -Xcc -iquote -Xcc /Users/fabricioalvarenga/Library/Developer/Xcode/DerivedData/Hidroly-elzuktlznbzslaasjbjjtdthehri/Build/Intermediates.noindex/Hidroly.build/Debug-iphonesimulator/Hidroly.build/Hidroly-generated-files.hmap -Xcc -I/Users/fabricioalvarenga/Library/Developer/Xcode/DerivedData/Hidroly-elzuktlznbzslaasjbjjtdthehri/Build/Intermediates.noindex/Hidroly.build/Debug-iphonesimulator/Hidroly.build/Hidroly-own-target-headers.hmap -Xcc -I/Users/fabricioalvarenga/Library/Developer/Xcode/DerivedData/Hidroly-elzuktlznbzslaasjbjjtdthehri/Build/Intermediates.noindex/Hidroly.build/Debug-iphonesimulator/Hidroly.build/Hidroly-all-target-headers.hmap -Xcc -iquote -Xcc /Users/fabricioalvarenga/Library/Developer/Xcode/DerivedData/Hidroly-elzuktlznbzslaasjbjjtdthehri/Build/Intermediates.noindex/Hidroly.build/Debug-iphonesimulator/Hidroly.build/Hidroly-project-headers.hmap -Xcc -I/Users/fabricioalvarenga/Library/Developer/Xcode/DerivedData/Hidroly-elzuktlznbzslaasjbjjtdthehri/Build/Products/Debug-iphonesimulator/include -Xcc -I/Users/fabricioalvarenga/Library/Developer/Xcode/DerivedData/Hidroly-elzuktlznbzslaasjbjjtdthehri/Build/Intermediates.noindex/Hidroly.build/Debug-iphonesimulator/Hidroly.build/DerivedSources-normal/arm64 -Xcc -I/Users/fabricioalvarenga/Library/Developer/Xcode/DerivedData/Hidroly-elzuktlznbzslaasjbjjtdthehri/Build/Intermediates.noindex/Hidroly.build/Debug-iphonesimulator/Hidroly.build/DerivedSources/arm64 -Xcc -I/Users/fabricioalvarenga/Library/Developer/Xcode/DerivedData/Hidroly-elzuktlznbzslaasjbjjtdthehri/Build/Intermediates.noindex/Hidroly.build/Debug-iphonesimulator/Hidroly.build/DerivedSources -Xcc -DDEBUG\=1 -module-name Hidroly -frontend-parseable-output -disable-clang-spi -target-sdk-version 18.0 -target-sdk-name iphonesimulator18.0 -external-plugin-path /Applications/Xcode.app/Contents/Developer/Platforms/iPhoneOS.platform/Developer/usr/lib/swift/host/plugins\#/Applications/Xcode.app/Contents/Developer/Platforms/iPhoneOS.platform/Developer/usr/bin/swift-plugin-server -external-plugin-path /Applications/Xcode.app/Contents/Developer/Platforms/iPhoneOS.platform/Developer/usr/local/lib/swift/host/plugins\#/Applications/Xcode.app/Contents/Developer/Platforms/iPhoneOS.platform/Developer/usr/bin/swift-plugin-server -plugin-path /Applications/Xcode.app/Contents/Developer/Toolchains/XcodeDefault.xctoolchain/usr/lib/swift/host/plugins -plugin-path /Applications/Xcode.app/Contents/Developer/Toolchains/XcodeDefault.xctoolchain/usr/local/lib/swift/host/plugins -emit-module-doc-path /Users/fabricioalvarenga/Library/Developer/Xcode/DerivedData/Hidroly-elzuktlznbzslaasjbjjtdthehri/Build/Intermediates.noindex/Hidroly.build/Debug-iphonesimulator/Hidroly.build/Objects-normal/arm64/Hidroly.swiftdoc -emit-module-source-info-path /Users/fabricioalvarenga/Library/Developer/Xcode/DerivedData/Hidroly-elzuktlznbzslaasjbjjtdthehri/Build/Intermediates.noindex/Hidroly.build/Debug-iphonesimulator/Hidroly.build/Objects-normal/arm64/Hidroly.swiftsourceinfo -emit-objc-header-path /Users/fabricioalvarenga/Library/Developer/Xcode/DerivedData/Hidroly-elzuktlznbzslaasjbjjtdthehri/Build/Intermediates.noindex/Hidroly.build/Debug-iphonesimulator/Hidroly.build/Objects-normal/arm64/Hidroly-Swift.h -serialize-diagnostics-path /Users/fabricioalvarenga/Library/Developer/Xcode/DerivedData/Hidroly-elzuktlznbzslaasjbjjtdthehri/Build/Intermediates.noindex/Hidroly.build/Debug-iphonesimulator/Hidroly.build/Objects-normal/arm64/Hidroly-master-emit-module.dia -emit-dependencies-path /Users/fabricioalvarenga/Library/Developer/Xcode/DerivedData/Hidroly-elzuktlznbzslaasjbjjtdthehri/Build/Intermediates.noindex/Hidroly.build/Debug-iphonesimulator/Hidroly.build/Objects-normal/arm64/Hidroly-master-emit-module.d -o /Users/fabricioalvarenga/Library/Developer/Xcode/DerivedData/Hidroly-elzuktlznbzslaasjbjjtdthehri/Build/Intermediates.noindex/Hidroly.build/Debug-iphonesimulator/Hidroly.build/Objects-normal/arm64/Hidroly.swiftmodule -emit-abi-descriptor-path /Users/fabricioalvarenga/Library/Developer/Xcode/DerivedData/Hidroly-elzuktlznbzslaasjbjjtdthehri/Build/Intermediates.noindex/Hidroly.build/Debug-iphonesimulator/Hidroly.build/Objects-normal/arm64/Hidroly.abi.json

SwiftCompile normal arm64 Compiling\ WeightModel.swift /Users/fabricioalvarenga/Desktop/Developer/Hidroly/Hidroly/Models/WeightModel.swift (in target 'Hidroly' from project 'Hidroly')
    cd /Users/fabricioalvarenga/Desktop/Developer/Hidroly
    builtin-swiftTaskExecution -- /Applications/Xcode.app/Contents/Developer/Toolchains/XcodeDefault.xctoolchain/usr/bin/swift-frontend -frontend -c /Users/fabricioalvarenga/Desktop/Developer/Hidroly/Hidroly/Components/CustomTabBar.swift /Users/fabricioalvarenga/Desktop/Developer/Hidroly/Hidroly/Models/ActivityModel.swift /Users/fabricioalvarenga/Desktop/Developer/Hidroly/Hidroly/Models/AgeModel.swift /Users/fabricioalvarenga/Desktop/Developer/Hidroly/Hidroly/Models/ClimateModel.swift /Users/fabricioalvarenga/Desktop/Developer/Hidroly/Hidroly/Models/DietModel.swift /Users/fabricioalvarenga/Desktop/Developer/Hidroly/Hidroly/Models/GenderModel.swift /Users/fabricioalvarenga/Desktop/Developer/Hidroly/Hidroly/Models/TabModel.swift -primary-file /Users/fabricioalvarenga/Desktop/Developer/Hidroly/Hidroly/Models/WeightModel.swift /Users/fabricioalvarenga/Desktop/Developer/Hidroly/Hidroly/Views/ContentView.swift /Users/fabricioalvarenga/Desktop/Developer/Hidroly/Hidroly/Views/HomeView.swift /Users/fabricioalvarenga/Desktop/Developer/Hidroly/Hidroly/HidrolyApp.swift /Users/fabricioalvarenga/Library/Developer/Xcode/DerivedData/Hidroly-elzuktlznbzslaasjbjjtdthehri/Build/Intermediates.noindex/Hidroly.build/Debug-iphonesimulator/Hidroly.build/DerivedSources/GeneratedAssetSymbols.swift -emit-dependencies-path /Users/fabricioalvarenga/Library/Developer/Xcode/DerivedData/Hidroly-elzuktlznbzslaasjbjjtdthehri/Build/Intermediates.noindex/Hidroly.build/Debug-iphonesimulator/Hidroly.build/Objects-normal/arm64/WeightModel.d -emit-const-values-path /Users/fabricioalvarenga/Library/Developer/Xcode/DerivedData/Hidroly-elzuktlznbzslaasjbjjtdthehri/Build/Intermediates.noindex/Hidroly.build/Debug-iphonesimulator/Hidroly.build/Objects-normal/arm64/WeightModel.swiftconstvalues -emit-reference-dependencies-path /Users/fabricioalvarenga/Library/Developer/Xcode/DerivedData/Hidroly-elzuktlznbzslaasjbjjtdthehri/Build/Intermediates.noindex/Hidroly.build/Debug-iphonesimulator/Hidroly.build/Objects-normal/arm64/WeightModel.swiftdeps -serialize-diagnostics-path /Users/fabricioalvarenga/Library/Developer/Xcode/DerivedData/Hidroly-elzuktlznbzslaasjbjjtdthehri/Build/Intermediates.noindex/Hidroly.build/Debug-iphonesimulator/Hidroly.build/Objects-normal/arm64/WeightModel.dia -emit-localized-strings -emit-localized-strings-path /Users/fabricioalvarenga/Library/Developer/Xcode/DerivedData/Hidroly-elzuktlznbzslaasjbjjtdthehri/Build/Intermediates.noindex/Hidroly.build/Debug-iphonesimulator/Hidroly.build/Objects-normal/arm64 -target arm64-apple-ios18.0-simulator -Xllvm -aarch64-use-tbi -enable-objc-interop -sdk /Applications/Xcode.app/Contents/Developer/Platforms/iPhoneSimulator.platform/Developer/SDKs/iPhoneSimulator18.0.sdk -I /Users/fabricioalvarenga/Library/Developer/Xcode/DerivedData/Hidroly-elzuktlznbzslaasjbjjtdthehri/Build/Products/Debug-iphonesimulator -F /Users/fabricioalvarenga/Library/Developer/Xcode/DerivedData/Hidroly-elzuktlznbzslaasjbjjtdthehri/Build/Products/Debug-iphonesimulator -no-color-diagnostics -enable-testing -g -debug-info-format\=dwarf -dwarf-version\=5 -module-cache-path /Users/fabricioalvarenga/Library/Developer/Xcode/DerivedData/ModuleCache.noindex -swift-version 5 -enforce-exclusivity\=checked -Onone -D DEBUG -serialize-debugging-options -const-gather-protocols-file /Users/fabricioalvarenga/Library/Developer/Xcode/DerivedData/Hidroly-elzuktlznbzslaasjbjjtdthehri/Build/Intermediates.noindex/Hidroly.build/Debug-iphonesimulator/Hidroly.build/Objects-normal/arm64/Hidroly_const_extract_protocols.json -enable-experimental-feature DebugDescriptionMacro -enable-experimental-feature OpaqueTypeErasure -enable-bare-slash-regex -empty-abi-descriptor -validate-clang-modules-once -clang-build-session-file /Users/fabricioalvarenga/Library/Developer/Xcode/DerivedData/ModuleCache.noindex/Session.modulevalidation -Xcc -working-directory -Xcc /Users/fabricioalvarenga/Desktop/Developer/Hidroly -resource-dir /Applications/Xcode.app/Contents/Developer/Toolchains/XcodeDefault.xctoolchain/usr/lib/swift -enable-anonymous-context-mangled-names -file-compilation-dir /Users/fabricioalvarenga/Desktop/Developer/Hidroly -Xcc -D_LIBCPP_HARDENING_MODE\=_LIBCPP_HARDENING_MODE_DEBUG -Xcc -ivfsstatcache -Xcc /Users/fabricioalvarenga/Library/Developer/Xcode/DerivedData/SDKStatCaches.noindex/iphonesimulator18.0-22A3362-db63dc9361471f152f572502bdbfe70a.sdkstatcache -Xcc -I/Users/fabricioalvarenga/Library/Developer/Xcode/DerivedData/Hidroly-elzuktlznbzslaasjbjjtdthehri/Build/Intermediates.noindex/Hidroly.build/Debug-iphonesimulator/Hidroly.build/swift-overrides.hmap -Xcc -iquote -Xcc /Users/fabricioalvarenga/Library/Developer/Xcode/DerivedData/Hidroly-elzuktlznbzslaasjbjjtdthehri/Build/Intermediates.noindex/Hidroly.build/Debug-iphonesimulator/Hidroly.build/Hidroly-generated-files.hmap -Xcc -I/Users/fabricioalvarenga/Library/Developer/Xcode/DerivedData/Hidroly-elzuktlznbzslaasjbjjtdthehri/Build/Intermediates.noindex/Hidroly.build/Debug-iphonesimulator/Hidroly.build/Hidroly-own-target-headers.hmap -Xcc -I/Users/fabricioalvarenga/Library/Developer/Xcode/DerivedData/Hidroly-elzuktlznbzslaasjbjjtdthehri/Build/Intermediates.noindex/Hidroly.build/Debug-iphonesimulator/Hidroly.build/Hidroly-all-target-headers.hmap -Xcc -iquote -Xcc /Users/fabricioalvarenga/Library/Developer/Xcode/DerivedData/Hidroly-elzuktlznbzslaasjbjjtdthehri/Build/Intermediates.noindex/Hidroly.build/Debug-iphonesimulator/Hidroly.build/Hidroly-project-headers.hmap -Xcc -I/Users/fabricioalvarenga/Library/Developer/Xcode/DerivedData/Hidroly-elzuktlznbzslaasjbjjtdthehri/Build/Products/Debug-iphonesimulator/include -Xcc -I/Users/fabricioalvarenga/Library/Developer/Xcode/DerivedData/Hidroly-elzuktlznbzslaasjbjjtdthehri/Build/Intermediates.noindex/Hidroly.build/Debug-iphonesimulator/Hidroly.build/DerivedSources-normal/arm64 -Xcc -I/Users/fabricioalvarenga/Library/Developer/Xcode/DerivedData/Hidroly-elzuktlznbzslaasjbjjtdthehri/Build/Intermediates.noindex/Hidroly.build/Debug-iphonesimulator/Hidroly.build/DerivedSources/arm64 -Xcc -I/Users/fabricioalvarenga/Library/Developer/Xcode/DerivedData/Hidroly-elzuktlznbzslaasjbjjtdthehri/Build/Intermediates.noindex/Hidroly.build/Debug-iphonesimulator/Hidroly.build/DerivedSources -Xcc -DDEBUG\=1 -module-name Hidroly -frontend-parseable-output -disable-clang-spi -target-sdk-version 18.0 -target-sdk-name iphonesimulator18.0 -external-plugin-path /Applications/Xcode.app/Contents/Developer/Platforms/iPhoneOS.platform/Developer/usr/lib/swift/host/plugins\#/Applications/Xcode.app/Contents/Developer/Platforms/iPhoneOS.platform/Developer/usr/bin/swift-plugin-server -external-plugin-path /Applications/Xcode.app/Contents/Developer/Platforms/iPhoneOS.platform/Developer/usr/local/lib/swift/host/plugins\#/Applications/Xcode.app/Contents/Developer/Platforms/iPhoneOS.platform/Developer/usr/bin/swift-plugin-server -plugin-path /Applications/Xcode.app/Contents/Developer/Toolchains/XcodeDefault.xctoolchain/usr/lib/swift/host/plugins -plugin-path /Applications/Xcode.app/Contents/Developer/Toolchains/XcodeDefault.xctoolchain/usr/local/lib/swift/host/plugins -o /Users/fabricioalvarenga/Library/Developer/Xcode/DerivedData/Hidroly-elzuktlznbzslaasjbjjtdthehri/Build/Intermediates.noindex/Hidroly.build/Debug-iphonesimulator/Hidroly.build/Objects-normal/arm64/WeightModel.o -index-unit-output-path /Hidroly.build/Debug-iphonesimulator/Hidroly.build/Objects-normal/arm64/WeightModel.o -index-store-path /Users/fabricioalvarenga/Library/Developer/Xcode/DerivedData/Hidroly-elzuktlznbzslaasjbjjtdthehri/Index.noindex/DataStore -index-system-modules

SwiftCompile normal arm64 /Users/fabricioalvarenga/Desktop/Developer/Hidroly/Hidroly/Models/WeightModel.swift (in target 'Hidroly' from project 'Hidroly')
    cd /Users/fabricioalvarenga/Desktop/Developer/Hidroly
    /Applications/Xcode.app/Contents/Developer/Toolchains/XcodeDefault.xctoolchain/usr/bin/swift-frontend -c /Users/fabricioalvarenga/Desktop/Developer/Hidroly/Hidroly/Components/CustomTabBar.swift /Users/fabricioalvarenga/Desktop/Developer/Hidroly/Hidroly/Models/ActivityModel.swift /Users/fabricioalvarenga/Desktop/Developer/Hidroly/Hidroly/Models/AgeModel.swift /Users/fabricioalvarenga/Desktop/Developer/Hidroly/Hidroly/Models/ClimateModel.swift /Users/fabricioalvarenga/Desktop/Developer/Hidroly/Hidroly/Models/DietModel.swift /Users/fabricioalvarenga/Desktop/Developer/Hidroly/Hidroly/Models/GenderModel.swift /Users/fabricioalvarenga/Desktop/Developer/Hidroly/Hidroly/Models/TabModel.swift -primary-file /Users/fabricioalvarenga/Desktop/Developer/Hidroly/Hidroly/Models/WeightModel.swift /Users/fabricioalvarenga/Desktop/Developer/Hidroly/Hidroly/Views/ContentView.swift /Users/fabricioalvarenga/Desktop/Developer/Hidroly/Hidroly/Views/HomeView.swift /Users/fabricioalvarenga/Desktop/Developer/Hidroly/Hidroly/HidrolyApp.swift /Users/fabricioalvarenga/Library/Developer/Xcode/DerivedData/Hidroly-elzuktlznbzslaasjbjjtdthehri/Build/Intermediates.noindex/Hidroly.build/Debug-iphonesimulator/Hidroly.build/DerivedSources/GeneratedAssetSymbols.swift -emit-dependencies-path /Users/fabricioalvarenga/Library/Developer/Xcode/DerivedData/Hidroly-elzuktlznbzslaasjbjjtdthehri/Build/Intermediates.noindex/Hidroly.build/Debug-iphonesimulator/Hidroly.build/Objects-normal/arm64/WeightModel.d -emit-const-values-path /Users/fabricioalvarenga/Library/Developer/Xcode/DerivedData/Hidroly-elzuktlznbzslaasjbjjtdthehri/Build/Intermediates.noindex/Hidroly.build/Debug-iphonesimulator/Hidroly.build/Objects-normal/arm64/WeightModel.swiftconstvalues -emit-reference-dependencies-path /Users/fabricioalvarenga/Library/Developer/Xcode/DerivedData/Hidroly-elzuktlznbzslaasjbjjtdthehri/Build/Intermediates.noindex/Hidroly.build/Debug-iphonesimulator/Hidroly.build/Objects-normal/arm64/WeightModel.swiftdeps -serialize-diagnostics-path /Users/fabricioalvarenga/Library/Developer/Xcode/DerivedData/Hidroly-elzuktlznbzslaasjbjjtdthehri/Build/Intermediates.noindex/Hidroly.build/Debug-iphonesimulator/Hidroly.build/Objects-normal/arm64/WeightModel.dia -emit-localized-strings -emit-localized-strings-path /Users/fabricioalvarenga/Library/Developer/Xcode/DerivedData/Hidroly-elzuktlznbzslaasjbjjtdthehri/Build/Intermediates.noindex/Hidroly.build/Debug-iphonesimulator/Hidroly.build/Objects-normal/arm64 -target arm64-apple-ios18.0-simulator -Xllvm -aarch64-use-tbi -enable-objc-interop -sdk /Applications/Xcode.app/Contents/Developer/Platforms/iPhoneSimulator.platform/Developer/SDKs/iPhoneSimulator18.0.sdk -I /Users/fabricioalvarenga/Library/Developer/Xcode/DerivedData/Hidroly-elzuktlznbzslaasjbjjtdthehri/Build/Products/Debug-iphonesimulator -F /Users/fabricioalvarenga/Library/Developer/Xcode/DerivedData/Hidroly-elzuktlznbzslaasjbjjtdthehri/Build/Products/Debug-iphonesimulator -no-color-diagnostics -enable-testing -g -debug-info-format\=dwarf -dwarf-version\=5 -module-cache-path /Users/fabricioalvarenga/Library/Developer/Xcode/DerivedData/ModuleCache.noindex -swift-version 5 -enforce-exclusivity\=checked -Onone -D DEBUG -serialize-debugging-options -const-gather-protocols-file /Users/fabricioalvarenga/Library/Developer/Xcode/DerivedData/Hidroly-elzuktlznbzslaasjbjjtdthehri/Build/Intermediates.noindex/Hidroly.build/Debug-iphonesimulator/Hidroly.build/Objects-normal/arm64/Hidroly_const_extract_protocols.json -enable-experimental-feature DebugDescriptionMacro -enable-experimental-feature OpaqueTypeErasure -enable-bare-slash-regex -empty-abi-descriptor -validate-clang-modules-once -clang-build-session-file /Users/fabricioalvarenga/Library/Developer/Xcode/DerivedData/ModuleCache.noindex/Session.modulevalidation -Xcc -working-directory -Xcc /Users/fabricioalvarenga/Desktop/Developer/Hidroly -resource-dir /Applications/Xcode.app/Contents/Developer/Toolchains/XcodeDefault.xctoolchain/usr/lib/swift -enable-anonymous-context-mangled-names -file-compilation-dir /Users/fabricioalvarenga/Desktop/Developer/Hidroly -Xcc -D_LIBCPP_HARDENING_MODE\=_LIBCPP_HARDENING_MODE_DEBUG -Xcc -ivfsstatcache -Xcc /Users/fabricioalvarenga/Library/Developer/Xcode/DerivedData/SDKStatCaches.noindex/iphonesimulator18.0-22A3362-db63dc9361471f152f572502bdbfe70a.sdkstatcache -Xcc -I/Users/fabricioalvarenga/Library/Developer/Xcode/DerivedData/Hidroly-elzuktlznbzslaasjbjjtdthehri/Build/Intermediates.noindex/Hidroly.build/Debug-iphonesimulator/Hidroly.build/swift-overrides.hmap -Xcc -iquote -Xcc /Users/fabricioalvarenga/Library/Developer/Xcode/DerivedData/Hidroly-elzuktlznbzslaasjbjjtdthehri/Build/Intermediates.noindex/Hidroly.build/Debug-iphonesimulator/Hidroly.build/Hidroly-generated-files.hmap -Xcc -I/Users/fabricioalvarenga/Library/Developer/Xcode/DerivedData/Hidroly-elzuktlznbzslaasjbjjtdthehri/Build/Intermediates.noindex/Hidroly.build/Debug-iphonesimulator/Hidroly.build/Hidroly-own-target-headers.hmap -Xcc -I/Users/fabricioalvarenga/Library/Developer/Xcode/DerivedData/Hidroly-elzuktlznbzslaasjbjjtdthehri/Build/Intermediates.noindex/Hidroly.build/Debug-iphonesimulator/Hidroly.build/Hidroly-all-target-headers.hmap -Xcc -iquote -Xcc /Users/fabricioalvarenga/Library/Developer/Xcode/DerivedData/Hidroly-elzuktlznbzslaasjbjjtdthehri/Build/Intermediates.noindex/Hidroly.build/Debug-iphonesimulator/Hidroly.build/Hidroly-project-headers.hmap -Xcc -I/Users/fabricioalvarenga/Library/Developer/Xcode/DerivedData/Hidroly-elzuktlznbzslaasjbjjtdthehri/Build/Products/Debug-iphonesimulator/include -Xcc -I/Users/fabricioalvarenga/Library/Developer/Xcode/DerivedData/Hidroly-elzuktlznbzslaasjbjjtdthehri/Build/Intermediates.noindex/Hidroly.build/Debug-iphonesimulator/Hidroly.build/DerivedSources-normal/arm64 -Xcc -I/Users/fabricioalvarenga/Library/Developer/Xcode/DerivedData/Hidroly-elzuktlznbzslaasjbjjtdthehri/Build/Intermediates.noindex/Hidroly.build/Debug-iphonesimulator/Hidroly.build/DerivedSources/arm64 -Xcc -I/Users/fabricioalvarenga/Library/Developer/Xcode/DerivedData/Hidroly-elzuktlznbzslaasjbjjtdthehri/Build/Intermediates.noindex/Hidroly.build/Debug-iphonesimulator/Hidroly.build/DerivedSources -Xcc -DDEBUG\=1 -module-name Hidroly -frontend-parseable-output -disable-clang-spi -target-sdk-version 18.0 -target-sdk-name iphonesimulator18.0 -external-plugin-path /Applications/Xcode.app/Contents/Developer/Platforms/iPhoneOS.platform/Developer/usr/lib/swift/host/plugins\#/Applications/Xcode.app/Contents/Developer/Platforms/iPhoneOS.platform/Developer/usr/bin/swift-plugin-server -external-plugin-path /Applications/Xcode.app/Contents/Developer/Platforms/iPhoneOS.platform/Developer/usr/local/lib/swift/host/plugins\#/Applications/Xcode.app/Contents/Developer/Platforms/iPhoneOS.platform/Developer/usr/bin/swift-plugin-server -plugin-path /Applications/Xcode.app/Contents/Developer/Toolchains/XcodeDefault.xctoolchain/usr/lib/swift/host/plugins -plugin-path /Applications/Xcode.app/Contents/Developer/Toolchains/XcodeDefault.xctoolchain/usr/local/lib/swift/host/plugins -o /Users/fabricioalvarenga/Library/Developer/Xcode/DerivedData/Hidroly-elzuktlznbzslaasjbjjtdthehri/Build/Intermediates.noindex/Hidroly.build/Debug-iphonesimulator/Hidroly.build/Objects-normal/arm64/WeightModel.o -index-unit-output-path /Hidroly.build/Debug-iphonesimulator/Hidroly.build/Objects-normal/arm64/WeightModel.o -index-store-path /Users/fabricioalvarenga/Library/Developer/Xcode/DerivedData/Hidroly-elzuktlznbzslaasjbjjtdthehri/Index.noindex/DataStore -index-system-modules

SwiftCompile normal arm64 Compiling\ HomeView.swift /Users/fabricioalvarenga/Desktop/Developer/Hidroly/Hidroly/Views/HomeView.swift (in target 'Hidroly' from project 'Hidroly')
    cd /Users/fabricioalvarenga/Desktop/Developer/Hidroly
    builtin-swiftTaskExecution -- /Applications/Xcode.app/Contents/Developer/Toolchains/XcodeDefault.xctoolchain/usr/bin/swift-frontend -frontend -c /Users/fabricioalvarenga/Desktop/Developer/Hidroly/Hidroly/Components/CustomTabBar.swift /Users/fabricioalvarenga/Desktop/Developer/Hidroly/Hidroly/Models/ActivityModel.swift /Users/fabricioalvarenga/Desktop/Developer/Hidroly/Hidroly/Models/AgeModel.swift /Users/fabricioalvarenga/Desktop/Developer/Hidroly/Hidroly/Models/ClimateModel.swift /Users/fabricioalvarenga/Desktop/Developer/Hidroly/Hidroly/Models/DietModel.swift /Users/fabricioalvarenga/Desktop/Developer/Hidroly/Hidroly/Models/GenderModel.swift /Users/fabricioalvarenga/Desktop/Developer/Hidroly/Hidroly/Models/TabModel.swift /Users/fabricioalvarenga/Desktop/Developer/Hidroly/Hidroly/Models/WeightModel.swift /Users/fabricioalvarenga/Desktop/Developer/Hidroly/Hidroly/Views/ContentView.swift -primary-file /Users/fabricioalvarenga/Desktop/Developer/Hidroly/Hidroly/Views/HomeView.swift /Users/fabricioalvarenga/Desktop/Developer/Hidroly/Hidroly/HidrolyApp.swift /Users/fabricioalvarenga/Library/Developer/Xcode/DerivedData/Hidroly-elzuktlznbzslaasjbjjtdthehri/Build/Intermediates.noindex/Hidroly.build/Debug-iphonesimulator/Hidroly.build/DerivedSources/GeneratedAssetSymbols.swift -emit-dependencies-path /Users/fabricioalvarenga/Library/Developer/Xcode/DerivedData/Hidroly-elzuktlznbzslaasjbjjtdthehri/Build/Intermediates.noindex/Hidroly.build/Debug-iphonesimulator/Hidroly.build/Objects-normal/arm64/HomeView.d -emit-const-values-path /Users/fabricioalvarenga/Library/Developer/Xcode/DerivedData/Hidroly-elzuktlznbzslaasjbjjtdthehri/Build/Intermediates.noindex/Hidroly.build/Debug-iphonesimulator/Hidroly.build/Objects-normal/arm64/HomeView.swiftconstvalues -emit-reference-dependencies-path /Users/fabricioalvarenga/Library/Developer/Xcode/DerivedData/Hidroly-elzuktlznbzslaasjbjjtdthehri/Build/Intermediates.noindex/Hidroly.build/Debug-iphonesimulator/Hidroly.build/Objects-normal/arm64/HomeView.swiftdeps -serialize-diagnostics-path /Users/fabricioalvarenga/Library/Developer/Xcode/DerivedData/Hidroly-elzuktlznbzslaasjbjjtdthehri/Build/Intermediates.noindex/Hidroly.build/Debug-iphonesimulator/Hidroly.build/Objects-normal/arm64/HomeView.dia -emit-localized-strings -emit-localized-strings-path /Users/fabricioalvarenga/Library/Developer/Xcode/DerivedData/Hidroly-elzuktlznbzslaasjbjjtdthehri/Build/Intermediates.noindex/Hidroly.build/Debug-iphonesimulator/Hidroly.build/Objects-normal/arm64 -target arm64-apple-ios18.0-simulator -Xllvm -aarch64-use-tbi -enable-objc-interop -sdk /Applications/Xcode.app/Contents/Developer/Platforms/iPhoneSimulator.platform/Developer/SDKs/iPhoneSimulator18.0.sdk -I /Users/fabricioalvarenga/Library/Developer/Xcode/DerivedData/Hidroly-elzuktlznbzslaasjbjjtdthehri/Build/Products/Debug-iphonesimulator -F /Users/fabricioalvarenga/Library/Developer/Xcode/DerivedData/Hidroly-elzuktlznbzslaasjbjjtdthehri/Build/Products/Debug-iphonesimulator -no-color-diagnostics -enable-testing -g -debug-info-format\=dwarf -dwarf-version\=5 -module-cache-path /Users/fabricioalvarenga/Library/Developer/Xcode/DerivedData/ModuleCache.noindex -swift-version 5 -enforce-exclusivity\=checked -Onone -D DEBUG -serialize-debugging-options -const-gather-protocols-file /Users/fabricioalvarenga/Library/Developer/Xcode/DerivedData/Hidroly-elzuktlznbzslaasjbjjtdthehri/Build/Intermediates.noindex/Hidroly.build/Debug-iphonesimulator/Hidroly.build/Objects-normal/arm64/Hidroly_const_extract_protocols.json -enable-experimental-feature DebugDescriptionMacro -enable-experimental-feature OpaqueTypeErasure -enable-bare-slash-regex -empty-abi-descriptor -validate-clang-modules-once -clang-build-session-file /Users/fabricioalvarenga/Library/Developer/Xcode/DerivedData/ModuleCache.noindex/Session.modulevalidation -Xcc -working-directory -Xcc /Users/fabricioalvarenga/Desktop/Developer/Hidroly -resource-dir /Applications/Xcode.app/Contents/Developer/Toolchains/XcodeDefault.xctoolchain/usr/lib/swift -enable-anonymous-context-mangled-names -file-compilation-dir /Users/fabricioalvarenga/Desktop/Developer/Hidroly -Xcc -D_LIBCPP_HARDENING_MODE\=_LIBCPP_HARDENING_MODE_DEBUG -Xcc -ivfsstatcache -Xcc /Users/fabricioalvarenga/Library/Developer/Xcode/DerivedData/SDKStatCaches.noindex/iphonesimulator18.0-22A3362-db63dc9361471f152f572502bdbfe70a.sdkstatcache -Xcc -I/Users/fabricioalvarenga/Library/Developer/Xcode/DerivedData/Hidroly-elzuktlznbzslaasjbjjtdthehri/Build/Intermediates.noindex/Hidroly.build/Debug-iphonesimulator/Hidroly.build/swift-overrides.hmap -Xcc -iquote -Xcc /Users/fabricioalvarenga/Library/Developer/Xcode/DerivedData/Hidroly-elzuktlznbzslaasjbjjtdthehri/Build/Intermediates.noindex/Hidroly.build/Debug-iphonesimulator/Hidroly.build/Hidroly-generated-files.hmap -Xcc -I/Users/fabricioalvarenga/Library/Developer/Xcode/DerivedData/Hidroly-elzuktlznbzslaasjbjjtdthehri/Build/Intermediates.noindex/Hidroly.build/Debug-iphonesimulator/Hidroly.build/Hidroly-own-target-headers.hmap -Xcc -I/Users/fabricioalvarenga/Library/Developer/Xcode/DerivedData/Hidroly-elzuktlznbzslaasjbjjtdthehri/Build/Intermediates.noindex/Hidroly.build/Debug-iphonesimulator/Hidroly.build/Hidroly-all-target-headers.hmap -Xcc -iquote -Xcc /Users/fabricioalvarenga/Library/Developer/Xcode/DerivedData/Hidroly-elzuktlznbzslaasjbjjtdthehri/Build/Intermediates.noindex/Hidroly.build/Debug-iphonesimulator/Hidroly.build/Hidroly-project-headers.hmap -Xcc -I/Users/fabricioalvarenga/Library/Developer/Xcode/DerivedData/Hidroly-elzuktlznbzslaasjbjjtdthehri/Build/Products/Debug-iphonesimulator/include -Xcc -I/Users/fabricioalvarenga/Library/Developer/Xcode/DerivedData/Hidroly-elzuktlznbzslaasjbjjtdthehri/Build/Intermediates.noindex/Hidroly.build/Debug-iphonesimulator/Hidroly.build/DerivedSources-normal/arm64 -Xcc -I/Users/fabricioalvarenga/Library/Developer/Xcode/DerivedData/Hidroly-elzuktlznbzslaasjbjjtdthehri/Build/Intermediates.noindex/Hidroly.build/Debug-iphonesimulator/Hidroly.build/DerivedSources/arm64 -Xcc -I/Users/fabricioalvarenga/Library/Developer/Xcode/DerivedData/Hidroly-elzuktlznbzslaasjbjjtdthehri/Build/Intermediates.noindex/Hidroly.build/Debug-iphonesimulator/Hidroly.build/DerivedSources -Xcc -DDEBUG\=1 -module-name Hidroly -frontend-parseable-output -disable-clang-spi -target-sdk-version 18.0 -target-sdk-name iphonesimulator18.0 -external-plugin-path /Applications/Xcode.app/Contents/Developer/Platforms/iPhoneOS.platform/Developer/usr/lib/swift/host/plugins\#/Applications/Xcode.app/Contents/Developer/Platforms/iPhoneOS.platform/Developer/usr/bin/swift-plugin-server -external-plugin-path /Applications/Xcode.app/Contents/Developer/Platforms/iPhoneOS.platform/Developer/usr/local/lib/swift/host/plugins\#/Applications/Xcode.app/Contents/Developer/Platforms/iPhoneOS.platform/Developer/usr/bin/swift-plugin-server -plugin-path /Applications/Xcode.app/Contents/Developer/Toolchains/XcodeDefault.xctoolchain/usr/lib/swift/host/plugins -plugin-path /Applications/Xcode.app/Contents/Developer/Toolchains/XcodeDefault.xctoolchain/usr/local/lib/swift/host/plugins -o /Users/fabricioalvarenga/Library/Developer/Xcode/DerivedData/Hidroly-elzuktlznbzslaasjbjjtdthehri/Build/Intermediates.noindex/Hidroly.build/Debug-iphonesimulator/Hidroly.build/Objects-normal/arm64/HomeView.o -index-unit-output-path /Hidroly.build/Debug-iphonesimulator/Hidroly.build/Objects-normal/arm64/HomeView.o -index-store-path /Users/fabricioalvarenga/Library/Developer/Xcode/DerivedData/Hidroly-elzuktlznbzslaasjbjjtdthehri/Index.noindex/DataStore -index-system-modules
SwiftCompile normal arm64 /Users/fabricioalvarenga/Desktop/Developer/Hidroly/Hidroly/Views/HomeView.swift (in target 'Hidroly' from project 'Hidroly')
    cd /Users/fabricioalvarenga/Desktop/Developer/Hidroly
    /Applications/Xcode.app/Contents/Developer/Toolchains/XcodeDefault.xctoolchain/usr/bin/swift-frontend -c /Users/fabricioalvarenga/Desktop/Developer/Hidroly/Hidroly/Components/CustomTabBar.swift /Users/fabricioalvarenga/Desktop/Developer/Hidroly/Hidroly/Models/ActivityModel.swift /Users/fabricioalvarenga/Desktop/Developer/Hidroly/Hidroly/Models/AgeModel.swift /Users/fabricioalvarenga/Desktop/Developer/Hidroly/Hidroly/Models/ClimateModel.swift /Users/fabricioalvarenga/Desktop/Developer/Hidroly/Hidroly/Models/DietModel.swift /Users/fabricioalvarenga/Desktop/Developer/Hidroly/Hidroly/Models/GenderModel.swift /Users/fabricioalvarenga/Desktop/Developer/Hidroly/Hidroly/Models/TabModel.swift /Users/fabricioalvarenga/Desktop/Developer/Hidroly/Hidroly/Models/WeightModel.swift /Users/fabricioalvarenga/Desktop/Developer/Hidroly/Hidroly/Views/ContentView.swift -primary-file /Users/fabricioalvarenga/Desktop/Developer/Hidroly/Hidroly/Views/HomeView.swift /Users/fabricioalvarenga/Desktop/Developer/Hidroly/Hidroly/HidrolyApp.swift /Users/fabricioalvarenga/Library/Developer/Xcode/DerivedData/Hidroly-elzuktlznbzslaasjbjjtdthehri/Build/Intermediates.noindex/Hidroly.build/Debug-iphonesimulator/Hidroly.build/DerivedSources/GeneratedAssetSymbols.swift -emit-dependencies-path /Users/fabricioalvarenga/Library/Developer/Xcode/DerivedData/Hidroly-elzuktlznbzslaasjbjjtdthehri/Build/Intermediates.noindex/Hidroly.build/Debug-iphonesimulator/Hidroly.build/Objects-normal/arm64/HomeView.d -emit-const-values-path /Users/fabricioalvarenga/Library/Developer/Xcode/DerivedData/Hidroly-elzuktlznbzslaasjbjjtdthehri/Build/Intermediates.noindex/Hidroly.build/Debug-iphonesimulator/Hidroly.build/Objects-normal/arm64/HomeView.swiftconstvalues -emit-reference-dependencies-path /Users/fabricioalvarenga/Library/Developer/Xcode/DerivedData/Hidroly-elzuktlznbzslaasjbjjtdthehri/Build/Intermediates.noindex/Hidroly.build/Debug-iphonesimulator/Hidroly.build/Objects-normal/arm64/HomeView.swiftdeps -serialize-diagnostics-path /Users/fabricioalvarenga/Library/Developer/Xcode/DerivedData/Hidroly-elzuktlznbzslaasjbjjtdthehri/Build/Intermediates.noindex/Hidroly.build/Debug-iphonesimulator/Hidroly.build/Objects-normal/arm64/HomeView.dia -emit-localized-strings -emit-localized-strings-path /Users/fabricioalvarenga/Library/Developer/Xcode/DerivedData/Hidroly-elzuktlznbzslaasjbjjtdthehri/Build/Intermediates.noindex/Hidroly.build/Debug-iphonesimulator/Hidroly.build/Objects-normal/arm64 -target arm64-apple-ios18.0-simulator -Xllvm -aarch64-use-tbi -enable-objc-interop -sdk /Applications/Xcode.app/Contents/Developer/Platforms/iPhoneSimulator.platform/Developer/SDKs/iPhoneSimulator18.0.sdk -I /Users/fabricioalvarenga/Library/Developer/Xcode/DerivedData/Hidroly-elzuktlznbzslaasjbjjtdthehri/Build/Products/Debug-iphonesimulator -F /Users/fabricioalvarenga/Library/Developer/Xcode/DerivedData/Hidroly-elzuktlznbzslaasjbjjtdthehri/Build/Products/Debug-iphonesimulator -no-color-diagnostics -enable-testing -g -debug-info-format\=dwarf -dwarf-version\=5 -module-cache-path /Users/fabricioalvarenga/Library/Developer/Xcode/DerivedData/ModuleCache.noindex -swift-version 5 -enforce-exclusivity\=checked -Onone -D DEBUG -serialize-debugging-options -const-gather-protocols-file /Users/fabricioalvarenga/Library/Developer/Xcode/DerivedData/Hidroly-elzuktlznbzslaasjbjjtdthehri/Build/Intermediates.noindex/Hidroly.build/Debug-iphonesimulator/Hidroly.build/Objects-normal/arm64/Hidroly_const_extract_protocols.json -enable-experimental-feature DebugDescriptionMacro -enable-experimental-feature OpaqueTypeErasure -enable-bare-slash-regex -empty-abi-descriptor -validate-clang-modules-once -clang-build-session-file /Users/fabricioalvarenga/Library/Developer/Xcode/DerivedData/ModuleCache.noindex/Session.modulevalidation -Xcc -working-directory -Xcc /Users/fabricioalvarenga/Desktop/Developer/Hidroly -resource-dir /Applications/Xcode.app/Contents/Developer/Toolchains/XcodeDefault.xctoolchain/usr/lib/swift -enable-anonymous-context-mangled-names -file-compilation-dir /Users/fabricioalvarenga/Desktop/Developer/Hidroly -Xcc -D_LIBCPP_HARDENING_MODE\=_LIBCPP_HARDENING_MODE_DEBUG -Xcc -ivfsstatcache -Xcc /Users/fabricioalvarenga/Library/Developer/Xcode/DerivedData/SDKStatCaches.noindex/iphonesimulator18.0-22A3362-db63dc9361471f152f572502bdbfe70a.sdkstatcache -Xcc -I/Users/fabricioalvarenga/Library/Developer/Xcode/DerivedData/Hidroly-elzuktlznbzslaasjbjjtdthehri/Build/Intermediates.noindex/Hidroly.build/Debug-iphonesimulator/Hidroly.build/swift-overrides.hmap -Xcc -iquote -Xcc /Users/fabricioalvarenga/Library/Developer/Xcode/DerivedData/Hidroly-elzuktlznbzslaasjbjjtdthehri/Build/Intermediates.noindex/Hidroly.build/Debug-iphonesimulator/Hidroly.build/Hidroly-generated-files.hmap -Xcc -I/Users/fabricioalvarenga/Library/Developer/Xcode/DerivedData/Hidroly-elzuktlznbzslaasjbjjtdthehri/Build/Intermediates.noindex/Hidroly.build/Debug-iphonesimulator/Hidroly.build/Hidroly-own-target-headers.hmap -Xcc -I/Users/fabricioalvarenga/Library/Developer/Xcode/DerivedData/Hidroly-elzuktlznbzslaasjbjjtdthehri/Build/Intermediates.noindex/Hidroly.build/Debug-iphonesimulator/Hidroly.build/Hidroly-all-target-headers.hmap -Xcc -iquote -Xcc /Users/fabricioalvarenga/Library/Developer/Xcode/DerivedData/Hidroly-elzuktlznbzslaasjbjjtdthehri/Build/Intermediates.noindex/Hidroly.build/Debug-iphonesimulator/Hidroly.build/Hidroly-project-headers.hmap -Xcc -I/Users/fabricioalvarenga/Library/Developer/Xcode/DerivedData/Hidroly-elzuktlznbzslaasjbjjtdthehri/Build/Products/Debug-iphonesimulator/include -Xcc -I/Users/fabricioalvarenga/Library/Developer/Xcode/DerivedData/Hidroly-elzuktlznbzslaasjbjjtdthehri/Build/Intermediates.noindex/Hidroly.build/Debug-iphonesimulator/Hidroly.build/DerivedSources-normal/arm64 -Xcc -I/Users/fabricioalvarenga/Library/Developer/Xcode/DerivedData/Hidroly-elzuktlznbzslaasjbjjtdthehri/Build/Intermediates.noindex/Hidroly.build/Debug-iphonesimulator/Hidroly.build/DerivedSources/arm64 -Xcc -I/Users/fabricioalvarenga/Library/Developer/Xcode/DerivedData/Hidroly-elzuktlznbzslaasjbjjtdthehri/Build/Intermediates.noindex/Hidroly.build/Debug-iphonesimulator/Hidroly.build/DerivedSources -Xcc -DDEBUG\=1 -module-name Hidroly -frontend-parseable-output -disable-clang-spi -target-sdk-version 18.0 -target-sdk-name iphonesimulator18.0 -external-plugin-path /Applications/Xcode.app/Contents/Developer/Platforms/iPhoneOS.platform/Developer/usr/lib/swift/host/plugins\#/Applications/Xcode.app/Contents/Developer/Platforms/iPhoneOS.platform/Developer/usr/bin/swift-plugin-server -external-plugin-path /Applications/Xcode.app/Contents/Developer/Platforms/iPhoneOS.platform/Developer/usr/local/lib/swift/host/plugins\#/Applications/Xcode.app/Contents/Developer/Platforms/iPhoneOS.platform/Developer/usr/bin/swift-plugin-server -plugin-path /Applications/Xcode.app/Contents/Developer/Toolchains/XcodeDefault.xctoolchain/usr/lib/swift/host/plugins -plugin-path /Applications/Xcode.app/Contents/Developer/Toolchains/XcodeDefault.xctoolchain/usr/local/lib/swift/host/plugins -o /Users/fabricioalvarenga/Library/Developer/Xcode/DerivedData/Hidroly-elzuktlznbzslaasjbjjtdthehri/Build/Intermediates.noindex/Hidroly.build/Debug-iphonesimulator/Hidroly.build/Objects-normal/arm64/HomeView.o -index-unit-output-path /Hidroly.build/Debug-iphonesimulator/Hidroly.build/Objects-normal/arm64/HomeView.o -index-store-path /Users/fabricioalvarenga/Library/Developer/Xcode/DerivedData/Hidroly-elzuktlznbzslaasjbjjtdthehri/Index.noindex/DataStore -index-system-modules

SwiftCompile normal arm64 Compiling\ GeneratedAssetSymbols.swift /Users/fabricioalvarenga/Library/Developer/Xcode/DerivedData/Hidroly-elzuktlznbzslaasjbjjtdthehri/Build/Intermediates.noindex/Hidroly.build/Debug-iphonesimulator/Hidroly.build/DerivedSources/GeneratedAssetSymbols.swift (in target 'Hidroly' from project 'Hidroly')
    cd /Users/fabricioalvarenga/Desktop/Developer/Hidroly
    builtin-swiftTaskExecution -- /Applications/Xcode.app/Contents/Developer/Toolchains/XcodeDefault.xctoolchain/usr/bin/swift-frontend -frontend -c /Users/fabricioalvarenga/Desktop/Developer/Hidroly/Hidroly/Components/CustomTabBar.swift /Users/fabricioalvarenga/Desktop/Developer/Hidroly/Hidroly/Models/ActivityModel.swift /Users/fabricioalvarenga/Desktop/Developer/Hidroly/Hidroly/Models/AgeModel.swift /Users/fabricioalvarenga/Desktop/Developer/Hidroly/Hidroly/Models/ClimateModel.swift /Users/fabricioalvarenga/Desktop/Developer/Hidroly/Hidroly/Models/DietModel.swift /Users/fabricioalvarenga/Desktop/Developer/Hidroly/Hidroly/Models/GenderModel.swift /Users/fabricioalvarenga/Desktop/Developer/Hidroly/Hidroly/Models/TabModel.swift /Users/fabricioalvarenga/Desktop/Developer/Hidroly/Hidroly/Models/WeightModel.swift /Users/fabricioalvarenga/Desktop/Developer/Hidroly/Hidroly/Views/ContentView.swift /Users/fabricioalvarenga/Desktop/Developer/Hidroly/Hidroly/Views/HomeView.swift /Users/fabricioalvarenga/Desktop/Developer/Hidroly/Hidroly/HidrolyApp.swift -primary-file /Users/fabricioalvarenga/Library/Developer/Xcode/DerivedData/Hidroly-elzuktlznbzslaasjbjjtdthehri/Build/Intermediates.noindex/Hidroly.build/Debug-iphonesimulator/Hidroly.build/DerivedSources/GeneratedAssetSymbols.swift -emit-dependencies-path /Users/fabricioalvarenga/Library/Developer/Xcode/DerivedData/Hidroly-elzuktlznbzslaasjbjjtdthehri/Build/Intermediates.noindex/Hidroly.build/Debug-iphonesimulator/Hidroly.build/Objects-normal/arm64/GeneratedAssetSymbols.d -emit-const-values-path /Users/fabricioalvarenga/Library/Developer/Xcode/DerivedData/Hidroly-elzuktlznbzslaasjbjjtdthehri/Build/Intermediates.noindex/Hidroly.build/Debug-iphonesimulator/Hidroly.build/Objects-normal/arm64/GeneratedAssetSymbols.swiftconstvalues -emit-reference-dependencies-path /Users/fabricioalvarenga/Library/Developer/Xcode/DerivedData/Hidroly-elzuktlznbzslaasjbjjtdthehri/Build/Intermediates.noindex/Hidroly.build/Debug-iphonesimulator/Hidroly.build/Objects-normal/arm64/GeneratedAssetSymbols.swiftdeps -serialize-diagnostics-path /Users/fabricioalvarenga/Library/Developer/Xcode/DerivedData/Hidroly-elzuktlznbzslaasjbjjtdthehri/Build/Intermediates.noindex/Hidroly.build/Debug-iphonesimulator/Hidroly.build/Objects-normal/arm64/GeneratedAssetSymbols.dia -emit-localized-strings -emit-localized-strings-path /Users/fabricioalvarenga/Library/Developer/Xcode/DerivedData/Hidroly-elzuktlznbzslaasjbjjtdthehri/Build/Intermediates.noindex/Hidroly.build/Debug-iphonesimulator/Hidroly.build/Objects-normal/arm64 -target arm64-apple-ios18.0-simulator -Xllvm -aarch64-use-tbi -enable-objc-interop -sdk /Applications/Xcode.app/Contents/Developer/Platforms/iPhoneSimulator.platform/Developer/SDKs/iPhoneSimulator18.0.sdk -I /Users/fabricioalvarenga/Library/Developer/Xcode/DerivedData/Hidroly-elzuktlznbzslaasjbjjtdthehri/Build/Products/Debug-iphonesimulator -F /Users/fabricioalvarenga/Library/Developer/Xcode/DerivedData/Hidroly-elzuktlznbzslaasjbjjtdthehri/Build/Products/Debug-iphonesimulator -no-color-diagnostics -enable-testing -g -debug-info-format\=dwarf -dwarf-version\=5 -module-cache-path /Users/fabricioalvarenga/Library/Developer/Xcode/DerivedData/ModuleCache.noindex -swift-version 5 -enforce-exclusivity\=checked -Onone -D DEBUG -serialize-debugging-options -const-gather-protocols-file /Users/fabricioalvarenga/Library/Developer/Xcode/DerivedData/Hidroly-elzuktlznbzslaasjbjjtdthehri/Build/Intermediates.noindex/Hidroly.build/Debug-iphonesimulator/Hidroly.build/Objects-normal/arm64/Hidroly_const_extract_protocols.json -enable-experimental-feature DebugDescriptionMacro -enable-experimental-feature OpaqueTypeErasure -enable-bare-slash-regex -empty-abi-descriptor -validate-clang-modules-once -clang-build-session-file /Users/fabricioalvarenga/Library/Developer/Xcode/DerivedData/ModuleCache.noindex/Session.modulevalidation -Xcc -working-directory -Xcc /Users/fabricioalvarenga/Desktop/Developer/Hidroly -resource-dir /Applications/Xcode.app/Contents/Developer/Toolchains/XcodeDefault.xctoolchain/usr/lib/swift -enable-anonymous-context-mangled-names -file-compilation-dir /Users/fabricioalvarenga/Desktop/Developer/Hidroly -Xcc -D_LIBCPP_HARDENING_MODE\=_LIBCPP_HARDENING_MODE_DEBUG -Xcc -ivfsstatcache -Xcc /Users/fabricioalvarenga/Library/Developer/Xcode/DerivedData/SDKStatCaches.noindex/iphonesimulator18.0-22A3362-db63dc9361471f152f572502bdbfe70a.sdkstatcache -Xcc -I/Users/fabricioalvarenga/Library/Developer/Xcode/DerivedData/Hidroly-elzuktlznbzslaasjbjjtdthehri/Build/Intermediates.noindex/Hidroly.build/Debug-iphonesimulator/Hidroly.build/swift-overrides.hmap -Xcc -iquote -Xcc /Users/fabricioalvarenga/Library/Developer/Xcode/DerivedData/Hidroly-elzuktlznbzslaasjbjjtdthehri/Build/Intermediates.noindex/Hidroly.build/Debug-iphonesimulator/Hidroly.build/Hidroly-generated-files.hmap -Xcc -I/Users/fabricioalvarenga/Library/Developer/Xcode/DerivedData/Hidroly-elzuktlznbzslaasjbjjtdthehri/Build/Intermediates.noindex/Hidroly.build/Debug-iphonesimulator/Hidroly.build/Hidroly-own-target-headers.hmap -Xcc -I/Users/fabricioalvarenga/Library/Developer/Xcode/DerivedData/Hidroly-elzuktlznbzslaasjbjjtdthehri/Build/Intermediates.noindex/Hidroly.build/Debug-iphonesimulator/Hidroly.build/Hidroly-all-target-headers.hmap -Xcc -iquote -Xcc /Users/fabricioalvarenga/Library/Developer/Xcode/DerivedData/Hidroly-elzuktlznbzslaasjbjjtdthehri/Build/Intermediates.noindex/Hidroly.build/Debug-iphonesimulator/Hidroly.build/Hidroly-project-headers.hmap -Xcc -I/Users/fabricioalvarenga/Library/Developer/Xcode/DerivedData/Hidroly-elzuktlznbzslaasjbjjtdthehri/Build/Products/Debug-iphonesimulator/include -Xcc -I/Users/fabricioalvarenga/Library/Developer/Xcode/DerivedData/Hidroly-elzuktlznbzslaasjbjjtdthehri/Build/Intermediates.noindex/Hidroly.build/Debug-iphonesimulator/Hidroly.build/DerivedSources-normal/arm64 -Xcc -I/Users/fabricioalvarenga/Library/Developer/Xcode/DerivedData/Hidroly-elzuktlznbzslaasjbjjtdthehri/Build/Intermediates.noindex/Hidroly.build/Debug-iphonesimulator/Hidroly.build/DerivedSources/arm64 -Xcc -I/Users/fabricioalvarenga/Library/Developer/Xcode/DerivedData/Hidroly-elzuktlznbzslaasjbjjtdthehri/Build/Intermediates.noindex/Hidroly.build/Debug-iphonesimulator/Hidroly.build/DerivedSources -Xcc -DDEBUG\=1 -module-name Hidroly -frontend-parseable-output -disable-clang-spi -target-sdk-version 18.0 -target-sdk-name iphonesimulator18.0 -external-plugin-path /Applications/Xcode.app/Contents/Developer/Platforms/iPhoneOS.platform/Developer/usr/lib/swift/host/plugins\#/Applications/Xcode.app/Contents/Developer/Platforms/iPhoneOS.platform/Developer/usr/bin/swift-plugin-server -external-plugin-path /Applications/Xcode.app/Contents/Developer/Platforms/iPhoneOS.platform/Developer/usr/local/lib/swift/host/plugins\#/Applications/Xcode.app/Contents/Developer/Platforms/iPhoneOS.platform/Developer/usr/bin/swift-plugin-server -plugin-path /Applications/Xcode.app/Contents/Developer/Toolchains/XcodeDefault.xctoolchain/usr/lib/swift/host/plugins -plugin-path /Applications/Xcode.app/Contents/Developer/Toolchains/XcodeDefault.xctoolchain/usr/local/lib/swift/host/plugins -o /Users/fabricioalvarenga/Library/Developer/Xcode/DerivedData/Hidroly-elzuktlznbzslaasjbjjtdthehri/Build/Intermediates.noindex/Hidroly.build/Debug-iphonesimulator/Hidroly.build/Objects-normal/arm64/GeneratedAssetSymbols.o -index-unit-output-path /Hidroly.build/Debug-iphonesimulator/Hidroly.build/Objects-normal/arm64/GeneratedAssetSymbols.o -index-store-path /Users/fabricioalvarenga/Library/Developer/Xcode/DerivedData/Hidroly-elzuktlznbzslaasjbjjtdthehri/Index.noindex/DataStore -index-system-modules

SwiftCompile normal arm64 /Users/fabricioalvarenga/Library/Developer/Xcode/DerivedData/Hidroly-elzuktlznbzslaasjbjjtdthehri/Build/Intermediates.noindex/Hidroly.build/Debug-iphonesimulator/Hidroly.build/DerivedSources/GeneratedAssetSymbols.swift (in target 'Hidroly' from project 'Hidroly')
    cd /Users/fabricioalvarenga/Desktop/Developer/Hidroly
    /Applications/Xcode.app/Contents/Developer/Toolchains/XcodeDefault.xctoolchain/usr/bin/swift-frontend -c /Users/fabricioalvarenga/Desktop/Developer/Hidroly/Hidroly/Components/CustomTabBar.swift /Users/fabricioalvarenga/Desktop/Developer/Hidroly/Hidroly/Models/ActivityModel.swift /Users/fabricioalvarenga/Desktop/Developer/Hidroly/Hidroly/Models/AgeModel.swift /Users/fabricioalvarenga/Desktop/Developer/Hidroly/Hidroly/Models/ClimateModel.swift /Users/fabricioalvarenga/Desktop/Developer/Hidroly/Hidroly/Models/DietModel.swift /Users/fabricioalvarenga/Desktop/Developer/Hidroly/Hidroly/Models/GenderModel.swift /Users/fabricioalvarenga/Desktop/Developer/Hidroly/Hidroly/Models/TabModel.swift /Users/fabricioalvarenga/Desktop/Developer/Hidroly/Hidroly/Models/WeightModel.swift /Users/fabricioalvarenga/Desktop/Developer/Hidroly/Hidroly/Views/ContentView.swift /Users/fabricioalvarenga/Desktop/Developer/Hidroly/Hidroly/Views/HomeView.swift /Users/fabricioalvarenga/Desktop/Developer/Hidroly/Hidroly/HidrolyApp.swift -primary-file /Users/fabricioalvarenga/Library/Developer/Xcode/DerivedData/Hidroly-elzuktlznbzslaasjbjjtdthehri/Build/Intermediates.noindex/Hidroly.build/Debug-iphonesimulator/Hidroly.build/DerivedSources/GeneratedAssetSymbols.swift -emit-dependencies-path /Users/fabricioalvarenga/Library/Developer/Xcode/DerivedData/Hidroly-elzuktlznbzslaasjbjjtdthehri/Build/Intermediates.noindex/Hidroly.build/Debug-iphonesimulator/Hidroly.build/Objects-normal/arm64/GeneratedAssetSymbols.d -emit-const-values-path /Users/fabricioalvarenga/Library/Developer/Xcode/DerivedData/Hidroly-elzuktlznbzslaasjbjjtdthehri/Build/Intermediates.noindex/Hidroly.build/Debug-iphonesimulator/Hidroly.build/Objects-normal/arm64/GeneratedAssetSymbols.swiftconstvalues -emit-reference-dependencies-path /Users/fabricioalvarenga/Library/Developer/Xcode/DerivedData/Hidroly-elzuktlznbzslaasjbjjtdthehri/Build/Intermediates.noindex/Hidroly.build/Debug-iphonesimulator/Hidroly.build/Objects-normal/arm64/GeneratedAssetSymbols.swiftdeps -serialize-diagnostics-path /Users/fabricioalvarenga/Library/Developer/Xcode/DerivedData/Hidroly-elzuktlznbzslaasjbjjtdthehri/Build/Intermediates.noindex/Hidroly.build/Debug-iphonesimulator/Hidroly.build/Objects-normal/arm64/GeneratedAssetSymbols.dia -emit-localized-strings -emit-localized-strings-path /Users/fabricioalvarenga/Library/Developer/Xcode/DerivedData/Hidroly-elzuktlznbzslaasjbjjtdthehri/Build/Intermediates.noindex/Hidroly.build/Debug-iphonesimulator/Hidroly.build/Objects-normal/arm64 -target arm64-apple-ios18.0-simulator -Xllvm -aarch64-use-tbi -enable-objc-interop -sdk /Applications/Xcode.app/Contents/Developer/Platforms/iPhoneSimulator.platform/Developer/SDKs/iPhoneSimulator18.0.sdk -I /Users/fabricioalvarenga/Library/Developer/Xcode/DerivedData/Hidroly-elzuktlznbzslaasjbjjtdthehri/Build/Products/Debug-iphonesimulator -F /Users/fabricioalvarenga/Library/Developer/Xcode/DerivedData/Hidroly-elzuktlznbzslaasjbjjtdthehri/Build/Products/Debug-iphonesimulator -no-color-diagnostics -enable-testing -g -debug-info-format\=dwarf -dwarf-version\=5 -module-cache-path /Users/fabricioalvarenga/Library/Developer/Xcode/DerivedData/ModuleCache.noindex -swift-version 5 -enforce-exclusivity\=checked -Onone -D DEBUG -serialize-debugging-options -const-gather-protocols-file /Users/fabricioalvarenga/Library/Developer/Xcode/DerivedData/Hidroly-elzuktlznbzslaasjbjjtdthehri/Build/Intermediates.noindex/Hidroly.build/Debug-iphonesimulator/Hidroly.build/Objects-normal/arm64/Hidroly_const_extract_protocols.json -enable-experimental-feature DebugDescriptionMacro -enable-experimental-feature OpaqueTypeErasure -enable-bare-slash-regex -empty-abi-descriptor -validate-clang-modules-once -clang-build-session-file /Users/fabricioalvarenga/Library/Developer/Xcode/DerivedData/ModuleCache.noindex/Session.modulevalidation -Xcc -working-directory -Xcc /Users/fabricioalvarenga/Desktop/Developer/Hidroly -resource-dir /Applications/Xcode.app/Contents/Developer/Toolchains/XcodeDefault.xctoolchain/usr/lib/swift -enable-anonymous-context-mangled-names -file-compilation-dir /Users/fabricioalvarenga/Desktop/Developer/Hidroly -Xcc -D_LIBCPP_HARDENING_MODE\=_LIBCPP_HARDENING_MODE_DEBUG -Xcc -ivfsstatcache -Xcc /Users/fabricioalvarenga/Library/Developer/Xcode/DerivedData/SDKStatCaches.noindex/iphonesimulator18.0-22A3362-db63dc9361471f152f572502bdbfe70a.sdkstatcache -Xcc -I/Users/fabricioalvarenga/Library/Developer/Xcode/DerivedData/Hidroly-elzuktlznbzslaasjbjjtdthehri/Build/Intermediates.noindex/Hidroly.build/Debug-iphonesimulator/Hidroly.build/swift-overrides.hmap -Xcc -iquote -Xcc /Users/fabricioalvarenga/Library/Developer/Xcode/DerivedData/Hidroly-elzuktlznbzslaasjbjjtdthehri/Build/Intermediates.noindex/Hidroly.build/Debug-iphonesimulator/Hidroly.build/Hidroly-generated-files.hmap -Xcc -I/Users/fabricioalvarenga/Library/Developer/Xcode/DerivedData/Hidroly-elzuktlznbzslaasjbjjtdthehri/Build/Intermediates.noindex/Hidroly.build/Debug-iphonesimulator/Hidroly.build/Hidroly-own-target-headers.hmap -Xcc -I/Users/fabricioalvarenga/Library/Developer/Xcode/DerivedData/Hidroly-elzuktlznbzslaasjbjjtdthehri/Build/Intermediates.noindex/Hidroly.build/Debug-iphonesimulator/Hidroly.build/Hidroly-all-target-headers.hmap -Xcc -iquote -Xcc /Users/fabricioalvarenga/Library/Developer/Xcode/DerivedData/Hidroly-elzuktlznbzslaasjbjjtdthehri/Build/Intermediates.noindex/Hidroly.build/Debug-iphonesimulator/Hidroly.build/Hidroly-project-headers.hmap -Xcc -I/Users/fabricioalvarenga/Library/Developer/Xcode/DerivedData/Hidroly-elzuktlznbzslaasjbjjtdthehri/Build/Products/Debug-iphonesimulator/include -Xcc -I/Users/fabricioalvarenga/Library/Developer/Xcode/DerivedData/Hidroly-elzuktlznbzslaasjbjjtdthehri/Build/Intermediates.noindex/Hidroly.build/Debug-iphonesimulator/Hidroly.build/DerivedSources-normal/arm64 -Xcc -I/Users/fabricioalvarenga/Library/Developer/Xcode/DerivedData/Hidroly-elzuktlznbzslaasjbjjtdthehri/Build/Intermediates.noindex/Hidroly.build/Debug-iphonesimulator/Hidroly.build/DerivedSources/arm64 -Xcc -I/Users/fabricioalvarenga/Library/Developer/Xcode/DerivedData/Hidroly-elzuktlznbzslaasjbjjtdthehri/Build/Intermediates.noindex/Hidroly.build/Debug-iphonesimulator/Hidroly.build/DerivedSources -Xcc -DDEBUG\=1 -module-name Hidroly -frontend-parseable-output -disable-clang-spi -target-sdk-version 18.0 -target-sdk-name iphonesimulator18.0 -external-plugin-path /Applications/Xcode.app/Contents/Developer/Platforms/iPhoneOS.platform/Developer/usr/lib/swift/host/plugins\#/Applications/Xcode.app/Contents/Developer/Platforms/iPhoneOS.platform/Developer/usr/bin/swift-plugin-server -external-plugin-path /Applications/Xcode.app/Contents/Developer/Platforms/iPhoneOS.platform/Developer/usr/local/lib/swift/host/plugins\#/Applications/Xcode.app/Contents/Developer/Platforms/iPhoneOS.platform/Developer/usr/bin/swift-plugin-server -plugin-path /Applications/Xcode.app/Contents/Developer/Toolchains/XcodeDefault.xctoolchain/usr/lib/swift/host/plugins -plugin-path /Applications/Xcode.app/Contents/Developer/Toolchains/XcodeDefault.xctoolchain/usr/local/lib/swift/host/plugins -o /Users/fabricioalvarenga/Library/Developer/Xcode/DerivedData/Hidroly-elzuktlznbzslaasjbjjtdthehri/Build/Intermediates.noindex/Hidroly.build/Debug-iphonesimulator/Hidroly.build/Objects-normal/arm64/GeneratedAssetSymbols.o -index-unit-output-path /Hidroly.build/Debug-iphonesimulator/Hidroly.build/Objects-normal/arm64/GeneratedAssetSymbols.o -index-store-path /Users/fabricioalvarenga/Library/Developer/Xcode/DerivedData/Hidroly-elzuktlznbzslaasjbjjtdthehri/Index.noindex/DataStore -index-system-modules

SwiftCompile normal arm64 Compiling\ ContentView.swift /Users/fabricioalvarenga/Desktop/Developer/Hidroly/Hidroly/Views/ContentView.swift (in target 'Hidroly' from project 'Hidroly')
    cd /Users/fabricioalvarenga/Desktop/Developer/Hidroly
    builtin-swiftTaskExecution -- /Applications/Xcode.app/Contents/Developer/Toolchains/XcodeDefault.xctoolchain/usr/bin/swift-frontend -frontend -c /Users/fabricioalvarenga/Desktop/Developer/Hidroly/Hidroly/Components/CustomTabBar.swift /Users/fabricioalvarenga/Desktop/Developer/Hidroly/Hidroly/Models/ActivityModel.swift /Users/fabricioalvarenga/Desktop/Developer/Hidroly/Hidroly/Models/AgeModel.swift /Users/fabricioalvarenga/Desktop/Developer/Hidroly/Hidroly/Models/ClimateModel.swift /Users/fabricioalvarenga/Desktop/Developer/Hidroly/Hidroly/Models/DietModel.swift /Users/fabricioalvarenga/Desktop/Developer/Hidroly/Hidroly/Models/GenderModel.swift /Users/fabricioalvarenga/Desktop/Developer/Hidroly/Hidroly/Models/TabModel.swift /Users/fabricioalvarenga/Desktop/Developer/Hidroly/Hidroly/Models/WeightModel.swift -primary-file /Users/fabricioalvarenga/Desktop/Developer/Hidroly/Hidroly/Views/ContentView.swift /Users/fabricioalvarenga/Desktop/Developer/Hidroly/Hidroly/Views/HomeView.swift /Users/fabricioalvarenga/Desktop/Developer/Hidroly/Hidroly/HidrolyApp.swift /Users/fabricioalvarenga/Library/Developer/Xcode/DerivedData/Hidroly-elzuktlznbzslaasjbjjtdthehri/Build/Intermediates.noindex/Hidroly.build/Debug-iphonesimulator/Hidroly.build/DerivedSources/GeneratedAssetSymbols.swift -emit-dependencies-path /Users/fabricioalvarenga/Library/Developer/Xcode/DerivedData/Hidroly-elzuktlznbzslaasjbjjtdthehri/Build/Intermediates.noindex/Hidroly.build/Debug-iphonesimulator/Hidroly.build/Objects-normal/arm64/ContentView.d -emit-const-values-path /Users/fabricioalvarenga/Library/Developer/Xcode/DerivedData/Hidroly-elzuktlznbzslaasjbjjtdthehri/Build/Intermediates.noindex/Hidroly.build/Debug-iphonesimulator/Hidroly.build/Objects-normal/arm64/ContentView.swiftconstvalues -emit-reference-dependencies-path /Users/fabricioalvarenga/Library/Developer/Xcode/DerivedData/Hidroly-elzuktlznbzslaasjbjjtdthehri/Build/Intermediates.noindex/Hidroly.build/Debug-iphonesimulator/Hidroly.build/Objects-normal/arm64/ContentView.swiftdeps -serialize-diagnostics-path /Users/fabricioalvarenga/Library/Developer/Xcode/DerivedData/Hidroly-elzuktlznbzslaasjbjjtdthehri/Build/Intermediates.noindex/Hidroly.build/Debug-iphonesimulator/Hidroly.build/Objects-normal/arm64/ContentView.dia -emit-localized-strings -emit-localized-strings-path /Users/fabricioalvarenga/Library/Developer/Xcode/DerivedData/Hidroly-elzuktlznbzslaasjbjjtdthehri/Build/Intermediates.noindex/Hidroly.build/Debug-iphonesimulator/Hidroly.build/Objects-normal/arm64 -target arm64-apple-ios18.0-simulator -Xllvm -aarch64-use-tbi -enable-objc-interop -sdk /Applications/Xcode.app/Contents/Developer/Platforms/iPhoneSimulator.platform/Developer/SDKs/iPhoneSimulator18.0.sdk -I /Users/fabricioalvarenga/Library/Developer/Xcode/DerivedData/Hidroly-elzuktlznbzslaasjbjjtdthehri/Build/Products/Debug-iphonesimulator -F /Users/fabricioalvarenga/Library/Developer/Xcode/DerivedData/Hidroly-elzuktlznbzslaasjbjjtdthehri/Build/Products/Debug-iphonesimulator -no-color-diagnostics -enable-testing -g -debug-info-format\=dwarf -dwarf-version\=5 -module-cache-path /Users/fabricioalvarenga/Library/Developer/Xcode/DerivedData/ModuleCache.noindex -swift-version 5 -enforce-exclusivity\=checked -Onone -D DEBUG -serialize-debugging-options -const-gather-protocols-file /Users/fabricioalvarenga/Library/Developer/Xcode/DerivedData/Hidroly-elzuktlznbzslaasjbjjtdthehri/Build/Intermediates.noindex/Hidroly.build/Debug-iphonesimulator/Hidroly.build/Objects-normal/arm64/Hidroly_const_extract_protocols.json -enable-experimental-feature DebugDescriptionMacro -enable-experimental-feature OpaqueTypeErasure -enable-bare-slash-regex -empty-abi-descriptor -validate-clang-modules-once -clang-build-session-file /Users/fabricioalvarenga/Library/Developer/Xcode/DerivedData/ModuleCache.noindex/Session.modulevalidation -Xcc -working-directory -Xcc /Users/fabricioalvarenga/Desktop/Developer/Hidroly -resource-dir /Applications/Xcode.app/Contents/Developer/Toolchains/XcodeDefault.xctoolchain/usr/lib/swift -enable-anonymous-context-mangled-names -file-compilation-dir /Users/fabricioalvarenga/Desktop/Developer/Hidroly -Xcc -D_LIBCPP_HARDENING_MODE\=_LIBCPP_HARDENING_MODE_DEBUG -Xcc -ivfsstatcache -Xcc /Users/fabricioalvarenga/Library/Developer/Xcode/DerivedData/SDKStatCaches.noindex/iphonesimulator18.0-22A3362-db63dc9361471f152f572502bdbfe70a.sdkstatcache -Xcc -I/Users/fabricioalvarenga/Library/Developer/Xcode/DerivedData/Hidroly-elzuktlznbzslaasjbjjtdthehri/Build/Intermediates.noindex/Hidroly.build/Debug-iphonesimulator/Hidroly.build/swift-overrides.hmap -Xcc -iquote -Xcc /Users/fabricioalvarenga/Library/Developer/Xcode/DerivedData/Hidroly-elzuktlznbzslaasjbjjtdthehri/Build/Intermediates.noindex/Hidroly.build/Debug-iphonesimulator/Hidroly.build/Hidroly-generated-files.hmap -Xcc -I/Users/fabricioalvarenga/Library/Developer/Xcode/DerivedData/Hidroly-elzuktlznbzslaasjbjjtdthehri/Build/Intermediates.noindex/Hidroly.build/Debug-iphonesimulator/Hidroly.build/Hidroly-own-target-headers.hmap -Xcc -I/Users/fabricioalvarenga/Library/Developer/Xcode/DerivedData/Hidroly-elzuktlznbzslaasjbjjtdthehri/Build/Intermediates.noindex/Hidroly.build/Debug-iphonesimulator/Hidroly.build/Hidroly-all-target-headers.hmap -Xcc -iquote -Xcc /Users/fabricioalvarenga/Library/Developer/Xcode/DerivedData/Hidroly-elzuktlznbzslaasjbjjtdthehri/Build/Intermediates.noindex/Hidroly.build/Debug-iphonesimulator/Hidroly.build/Hidroly-project-headers.hmap -Xcc -I/Users/fabricioalvarenga/Library/Developer/Xcode/DerivedData/Hidroly-elzuktlznbzslaasjbjjtdthehri/Build/Products/Debug-iphonesimulator/include -Xcc -I/Users/fabricioalvarenga/Library/Developer/Xcode/DerivedData/Hidroly-elzuktlznbzslaasjbjjtdthehri/Build/Intermediates.noindex/Hidroly.build/Debug-iphonesimulator/Hidroly.build/DerivedSources-normal/arm64 -Xcc -I/Users/fabricioalvarenga/Library/Developer/Xcode/DerivedData/Hidroly-elzuktlznbzslaasjbjjtdthehri/Build/Intermediates.noindex/Hidroly.build/Debug-iphonesimulator/Hidroly.build/DerivedSources/arm64 -Xcc -I/Users/fabricioalvarenga/Library/Developer/Xcode/DerivedData/Hidroly-elzuktlznbzslaasjbjjtdthehri/Build/Intermediates.noindex/Hidroly.build/Debug-iphonesimulator/Hidroly.build/DerivedSources -Xcc -DDEBUG\=1 -module-name Hidroly -frontend-parseable-output -disable-clang-spi -target-sdk-version 18.0 -target-sdk-name iphonesimulator18.0 -external-plugin-path /Applications/Xcode.app/Contents/Developer/Platforms/iPhoneOS.platform/Developer/usr/lib/swift/host/plugins\#/Applications/Xcode.app/Contents/Developer/Platforms/iPhoneOS.platform/Developer/usr/bin/swift-plugin-server -external-plugin-path /Applications/Xcode.app/Contents/Developer/Platforms/iPhoneOS.platform/Developer/usr/local/lib/swift/host/plugins\#/Applications/Xcode.app/Contents/Developer/Platforms/iPhoneOS.platform/Developer/usr/bin/swift-plugin-server -plugin-path /Applications/Xcode.app/Contents/Developer/Toolchains/XcodeDefault.xctoolchain/usr/lib/swift/host/plugins -plugin-path /Applications/Xcode.app/Contents/Developer/Toolchains/XcodeDefault.xctoolchain/usr/local/lib/swift/host/plugins -o /Users/fabricioalvarenga/Library/Developer/Xcode/DerivedData/Hidroly-elzuktlznbzslaasjbjjtdthehri/Build/Intermediates.noindex/Hidroly.build/Debug-iphonesimulator/Hidroly.build/Objects-normal/arm64/ContentView.o -index-unit-output-path /Hidroly.build/Debug-iphonesimulator/Hidroly.build/Objects-normal/arm64/ContentView.o -index-store-path /Users/fabricioalvarenga/Library/Developer/Xcode/DerivedData/Hidroly-elzuktlznbzslaasjbjjtdthehri/Index.noindex/DataStore -index-system-modules

SwiftCompile normal arm64 /Users/fabricioalvarenga/Desktop/Developer/Hidroly/Hidroly/Views/ContentView.swift (in target 'Hidroly' from project 'Hidroly')
    cd /Users/fabricioalvarenga/Desktop/Developer/Hidroly
    /Applications/Xcode.app/Contents/Developer/Toolchains/XcodeDefault.xctoolchain/usr/bin/swift-frontend -c /Users/fabricioalvarenga/Desktop/Developer/Hidroly/Hidroly/Components/CustomTabBar.swift /Users/fabricioalvarenga/Desktop/Developer/Hidroly/Hidroly/Models/ActivityModel.swift /Users/fabricioalvarenga/Desktop/Developer/Hidroly/Hidroly/Models/AgeModel.swift /Users/fabricioalvarenga/Desktop/Developer/Hidroly/Hidroly/Models/ClimateModel.swift /Users/fabricioalvarenga/Desktop/Developer/Hidroly/Hidroly/Models/DietModel.swift /Users/fabricioalvarenga/Desktop/Developer/Hidroly/Hidroly/Models/GenderModel.swift /Users/fabricioalvarenga/Desktop/Developer/Hidroly/Hidroly/Models/TabModel.swift /Users/fabricioalvarenga/Desktop/Developer/Hidroly/Hidroly/Models/WeightModel.swift -primary-file /Users/fabricioalvarenga/Desktop/Developer/Hidroly/Hidroly/Views/ContentView.swift /Users/fabricioalvarenga/Desktop/Developer/Hidroly/Hidroly/Views/HomeView.swift /Users/fabricioalvarenga/Desktop/Developer/Hidroly/Hidroly/HidrolyApp.swift /Users/fabricioalvarenga/Library/Developer/Xcode/DerivedData/Hidroly-elzuktlznbzslaasjbjjtdthehri/Build/Intermediates.noindex/Hidroly.build/Debug-iphonesimulator/Hidroly.build/DerivedSources/GeneratedAssetSymbols.swift -emit-dependencies-path /Users/fabricioalvarenga/Library/Developer/Xcode/DerivedData/Hidroly-elzuktlznbzslaasjbjjtdthehri/Build/Intermediates.noindex/Hidroly.build/Debug-iphonesimulator/Hidroly.build/Objects-normal/arm64/ContentView.d -emit-const-values-path /Users/fabricioalvarenga/Library/Developer/Xcode/DerivedData/Hidroly-elzuktlznbzslaasjbjjtdthehri/Build/Intermediates.noindex/Hidroly.build/Debug-iphonesimulator/Hidroly.build/Objects-normal/arm64/ContentView.swiftconstvalues -emit-reference-dependencies-path /Users/fabricioalvarenga/Library/Developer/Xcode/DerivedData/Hidroly-elzuktlznbzslaasjbjjtdthehri/Build/Intermediates.noindex/Hidroly.build/Debug-iphonesimulator/Hidroly.build/Objects-normal/arm64/ContentView.swiftdeps -serialize-diagnostics-path /Users/fabricioalvarenga/Library/Developer/Xcode/DerivedData/Hidroly-elzuktlznbzslaasjbjjtdthehri/Build/Intermediates.noindex/Hidroly.build/Debug-iphonesimulator/Hidroly.build/Objects-normal/arm64/ContentView.dia -emit-localized-strings -emit-localized-strings-path /Users/fabricioalvarenga/Library/Developer/Xcode/DerivedData/Hidroly-elzuktlznbzslaasjbjjtdthehri/Build/Intermediates.noindex/Hidroly.build/Debug-iphonesimulator/Hidroly.build/Objects-normal/arm64 -target arm64-apple-ios18.0-simulator -Xllvm -aarch64-use-tbi -enable-objc-interop -sdk /Applications/Xcode.app/Contents/Developer/Platforms/iPhoneSimulator.platform/Developer/SDKs/iPhoneSimulator18.0.sdk -I /Users/fabricioalvarenga/Library/Developer/Xcode/DerivedData/Hidroly-elzuktlznbzslaasjbjjtdthehri/Build/Products/Debug-iphonesimulator -F /Users/fabricioalvarenga/Library/Developer/Xcode/DerivedData/Hidroly-elzuktlznbzslaasjbjjtdthehri/Build/Products/Debug-iphonesimulator -no-color-diagnostics -enable-testing -g -debug-info-format\=dwarf -dwarf-version\=5 -module-cache-path /Users/fabricioalvarenga/Library/Developer/Xcode/DerivedData/ModuleCache.noindex -swift-version 5 -enforce-exclusivity\=checked -Onone -D DEBUG -serialize-debugging-options -const-gather-protocols-file /Users/fabricioalvarenga/Library/Developer/Xcode/DerivedData/Hidroly-elzuktlznbzslaasjbjjtdthehri/Build/Intermediates.noindex/Hidroly.build/Debug-iphonesimulator/Hidroly.build/Objects-normal/arm64/Hidroly_const_extract_protocols.json -enable-experimental-feature DebugDescriptionMacro -enable-experimental-feature OpaqueTypeErasure -enable-bare-slash-regex -empty-abi-descriptor -validate-clang-modules-once -clang-build-session-file /Users/fabricioalvarenga/Library/Developer/Xcode/DerivedData/ModuleCache.noindex/Session.modulevalidation -Xcc -working-directory -Xcc /Users/fabricioalvarenga/Desktop/Developer/Hidroly -resource-dir /Applications/Xcode.app/Contents/Developer/Toolchains/XcodeDefault.xctoolchain/usr/lib/swift -enable-anonymous-context-mangled-names -file-compilation-dir /Users/fabricioalvarenga/Desktop/Developer/Hidroly -Xcc -D_LIBCPP_HARDENING_MODE\=_LIBCPP_HARDENING_MODE_DEBUG -Xcc -ivfsstatcache -Xcc /Users/fabricioalvarenga/Library/Developer/Xcode/DerivedData/SDKStatCaches.noindex/iphonesimulator18.0-22A3362-db63dc9361471f152f572502bdbfe70a.sdkstatcache -Xcc -I/Users/fabricioalvarenga/Library/Developer/Xcode/DerivedData/Hidroly-elzuktlznbzslaasjbjjtdthehri/Build/Intermediates.noindex/Hidroly.build/Debug-iphonesimulator/Hidroly.build/swift-overrides.hmap -Xcc -iquote -Xcc /Users/fabricioalvarenga/Library/Developer/Xcode/DerivedData/Hidroly-elzuktlznbzslaasjbjjtdthehri/Build/Intermediates.noindex/Hidroly.build/Debug-iphonesimulator/Hidroly.build/Hidroly-generated-files.hmap -Xcc -I/Users/fabricioalvarenga/Library/Developer/Xcode/DerivedData/Hidroly-elzuktlznbzslaasjbjjtdthehri/Build/Intermediates.noindex/Hidroly.build/Debug-iphonesimulator/Hidroly.build/Hidroly-own-target-headers.hmap -Xcc -I/Users/fabricioalvarenga/Library/Developer/Xcode/DerivedData/Hidroly-elzuktlznbzslaasjbjjtdthehri/Build/Intermediates.noindex/Hidroly.build/Debug-iphonesimulator/Hidroly.build/Hidroly-all-target-headers.hmap -Xcc -iquote -Xcc /Users/fabricioalvarenga/Library/Developer/Xcode/DerivedData/Hidroly-elzuktlznbzslaasjbjjtdthehri/Build/Intermediates.noindex/Hidroly.build/Debug-iphonesimulator/Hidroly.build/Hidroly-project-headers.hmap -Xcc -I/Users/fabricioalvarenga/Library/Developer/Xcode/DerivedData/Hidroly-elzuktlznbzslaasjbjjtdthehri/Build/Products/Debug-iphonesimulator/include -Xcc -I/Users/fabricioalvarenga/Library/Developer/Xcode/DerivedData/Hidroly-elzuktlznbzslaasjbjjtdthehri/Build/Intermediates.noindex/Hidroly.build/Debug-iphonesimulator/Hidroly.build/DerivedSources-normal/arm64 -Xcc -I/Users/fabricioalvarenga/Library/Developer/Xcode/DerivedData/Hidroly-elzuktlznbzslaasjbjjtdthehri/Build/Intermediates.noindex/Hidroly.build/Debug-iphonesimulator/Hidroly.build/DerivedSources/arm64 -Xcc -I/Users/fabricioalvarenga/Library/Developer/Xcode/DerivedData/Hidroly-elzuktlznbzslaasjbjjtdthehri/Build/Intermediates.noindex/Hidroly.build/Debug-iphonesimulator/Hidroly.build/DerivedSources -Xcc -DDEBUG\=1 -module-name Hidroly -frontend-parseable-output -disable-clang-spi -target-sdk-version 18.0 -target-sdk-name iphonesimulator18.0 -external-plugin-path /Applications/Xcode.app/Contents/Developer/Platforms/iPhoneOS.platform/Developer/usr/lib/swift/host/plugins\#/Applications/Xcode.app/Contents/Developer/Platforms/iPhoneOS.platform/Developer/usr/bin/swift-plugin-server -external-plugin-path /Applications/Xcode.app/Contents/Developer/Platforms/iPhoneOS.platform/Developer/usr/local/lib/swift/host/plugins\#/Applications/Xcode.app/Contents/Developer/Platforms/iPhoneOS.platform/Developer/usr/bin/swift-plugin-server -plugin-path /Applications/Xcode.app/Contents/Developer/Toolchains/XcodeDefault.xctoolchain/usr/lib/swift/host/plugins -plugin-path /Applications/Xcode.app/Contents/Developer/Toolchains/XcodeDefault.xctoolchain/usr/local/lib/swift/host/plugins -o /Users/fabricioalvarenga/Library/Developer/Xcode/DerivedData/Hidroly-elzuktlznbzslaasjbjjtdthehri/Build/Intermediates.noindex/Hidroly.build/Debug-iphonesimulator/Hidroly.build/Objects-normal/arm64/ContentView.o -index-unit-output-path /Hidroly.build/Debug-iphonesimulator/Hidroly.build/Objects-normal/arm64/ContentView.o -index-store-path /Users/fabricioalvarenga/Library/Developer/Xcode/DerivedData/Hidroly-elzuktlznbzslaasjbjjtdthehri/Index.noindex/DataStore -index-system-modules

SwiftCompile normal arm64 Compiling\ TabModel.swift /Users/fabricioalvarenga/Desktop/Developer/Hidroly/Hidroly/Models/TabModel.swift (in target 'Hidroly' from project 'Hidroly')
    cd /Users/fabricioalvarenga/Desktop/Developer/Hidroly
    builtin-swiftTaskExecution -- /Applications/Xcode.app/Contents/Developer/Toolchains/XcodeDefault.xctoolchain/usr/bin/swift-frontend -frontend -c /Users/fabricioalvarenga/Desktop/Developer/Hidroly/Hidroly/Components/CustomTabBar.swift /Users/fabricioalvarenga/Desktop/Developer/Hidroly/Hidroly/Models/ActivityModel.swift /Users/fabricioalvarenga/Desktop/Developer/Hidroly/Hidroly/Models/AgeModel.swift /Users/fabricioalvarenga/Desktop/Developer/Hidroly/Hidroly/Models/ClimateModel.swift /Users/fabricioalvarenga/Desktop/Developer/Hidroly/Hidroly/Models/DietModel.swift /Users/fabricioalvarenga/Desktop/Developer/Hidroly/Hidroly/Models/GenderModel.swift -primary-file /Users/fabricioalvarenga/Desktop/Developer/Hidroly/Hidroly/Models/TabModel.swift /Users/fabricioalvarenga/Desktop/Developer/Hidroly/Hidroly/Models/WeightModel.swift /Users/fabricioalvarenga/Desktop/Developer/Hidroly/Hidroly/Views/ContentView.swift /Users/fabricioalvarenga/Desktop/Developer/Hidroly/Hidroly/Views/HomeView.swift /Users/fabricioalvarenga/Desktop/Developer/Hidroly/Hidroly/HidrolyApp.swift /Users/fabricioalvarenga/Library/Developer/Xcode/DerivedData/Hidroly-elzuktlznbzslaasjbjjtdthehri/Build/Intermediates.noindex/Hidroly.build/Debug-iphonesimulator/Hidroly.build/DerivedSources/GeneratedAssetSymbols.swift -emit-dependencies-path /Users/fabricioalvarenga/Library/Developer/Xcode/DerivedData/Hidroly-elzuktlznbzslaasjbjjtdthehri/Build/Intermediates.noindex/Hidroly.build/Debug-iphonesimulator/Hidroly.build/Objects-normal/arm64/TabModel.d -emit-const-values-path /Users/fabricioalvarenga/Library/Developer/Xcode/DerivedData/Hidroly-elzuktlznbzslaasjbjjtdthehri/Build/Intermediates.noindex/Hidroly.build/Debug-iphonesimulator/Hidroly.build/Objects-normal/arm64/TabModel.swiftconstvalues -emit-reference-dependencies-path /Users/fabricioalvarenga/Library/Developer/Xcode/DerivedData/Hidroly-elzuktlznbzslaasjbjjtdthehri/Build/Intermediates.noindex/Hidroly.build/Debug-iphonesimulator/Hidroly.build/Objects-normal/arm64/TabModel.swiftdeps -serialize-diagnostics-path /Users/fabricioalvarenga/Library/Developer/Xcode/DerivedData/Hidroly-elzuktlznbzslaasjbjjtdthehri/Build/Intermediates.noindex/Hidroly.build/Debug-iphonesimulator/Hidroly.build/Objects-normal/arm64/TabModel.dia -emit-localized-strings -emit-localized-strings-path /Users/fabricioalvarenga/Library/Developer/Xcode/DerivedData/Hidroly-elzuktlznbzslaasjbjjtdthehri/Build/Intermediates.noindex/Hidroly.build/Debug-iphonesimulator/Hidroly.build/Objects-normal/arm64 -target arm64-apple-ios18.0-simulator -Xllvm -aarch64-use-tbi -enable-objc-interop -sdk /Applications/Xcode.app/Contents/Developer/Platforms/iPhoneSimulator.platform/Developer/SDKs/iPhoneSimulator18.0.sdk -I /Users/fabricioalvarenga/Library/Developer/Xcode/DerivedData/Hidroly-elzuktlznbzslaasjbjjtdthehri/Build/Products/Debug-iphonesimulator -F /Users/fabricioalvarenga/Library/Developer/Xcode/DerivedData/Hidroly-elzuktlznbzslaasjbjjtdthehri/Build/Products/Debug-iphonesimulator -no-color-diagnostics -enable-testing -g -debug-info-format\=dwarf -dwarf-version\=5 -module-cache-path /Users/fabricioalvarenga/Library/Developer/Xcode/DerivedData/ModuleCache.noindex -swift-version 5 -enforce-exclusivity\=checked -Onone -D DEBUG -serialize-debugging-options -const-gather-protocols-file /Users/fabricioalvarenga/Library/Developer/Xcode/DerivedData/Hidroly-elzuktlznbzslaasjbjjtdthehri/Build/Intermediates.noindex/Hidroly.build/Debug-iphonesimulator/Hidroly.build/Objects-normal/arm64/Hidroly_const_extract_protocols.json -enable-experimental-feature DebugDescriptionMacro -enable-experimental-feature OpaqueTypeErasure -enable-bare-slash-regex -empty-abi-descriptor -validate-clang-modules-once -clang-build-session-file /Users/fabricioalvarenga/Library/Developer/Xcode/DerivedData/ModuleCache.noindex/Session.modulevalidation -Xcc -working-directory -Xcc /Users/fabricioalvarenga/Desktop/Developer/Hidroly -resource-dir /Applications/Xcode.app/Contents/Developer/Toolchains/XcodeDefault.xctoolchain/usr/lib/swift -enable-anonymous-context-mangled-names -file-compilation-dir /Users/fabricioalvarenga/Desktop/Developer/Hidroly -Xcc -D_LIBCPP_HARDENING_MODE\=_LIBCPP_HARDENING_MODE_DEBUG -Xcc -ivfsstatcache -Xcc /Users/fabricioalvarenga/Library/Developer/Xcode/DerivedData/SDKStatCaches.noindex/iphonesimulator18.0-22A3362-db63dc9361471f152f572502bdbfe70a.sdkstatcache -Xcc -I/Users/fabricioalvarenga/Library/Developer/Xcode/DerivedData/Hidroly-elzuktlznbzslaasjbjjtdthehri/Build/Intermediates.noindex/Hidroly.build/Debug-iphonesimulator/Hidroly.build/swift-overrides.hmap -Xcc -iquote -Xcc /Users/fabricioalvarenga/Library/Developer/Xcode/DerivedData/Hidroly-elzuktlznbzslaasjbjjtdthehri/Build/Intermediates.noindex/Hidroly.build/Debug-iphonesimulator/Hidroly.build/Hidroly-generated-files.hmap -Xcc -I/Users/fabricioalvarenga/Library/Developer/Xcode/DerivedData/Hidroly-elzuktlznbzslaasjbjjtdthehri/Build/Intermediates.noindex/Hidroly.build/Debug-iphonesimulator/Hidroly.build/Hidroly-own-target-headers.hmap -Xcc -I/Users/fabricioalvarenga/Library/Developer/Xcode/DerivedData/Hidroly-elzuktlznbzslaasjbjjtdthehri/Build/Intermediates.noindex/Hidroly.build/Debug-iphonesimulator/Hidroly.build/Hidroly-all-target-headers.hmap -Xcc -iquote -Xcc /Users/fabricioalvarenga/Library/Developer/Xcode/DerivedData/Hidroly-elzuktlznbzslaasjbjjtdthehri/Build/Intermediates.noindex/Hidroly.build/Debug-iphonesimulator/Hidroly.build/Hidroly-project-headers.hmap -Xcc -I/Users/fabricioalvarenga/Library/Developer/Xcode/DerivedData/Hidroly-elzuktlznbzslaasjbjjtdthehri/Build/Products/Debug-iphonesimulator/include -Xcc -I/Users/fabricioalvarenga/Library/Developer/Xcode/DerivedData/Hidroly-elzuktlznbzslaasjbjjtdthehri/Build/Intermediates.noindex/Hidroly.build/Debug-iphonesimulator/Hidroly.build/DerivedSources-normal/arm64 -Xcc -I/Users/fabricioalvarenga/Library/Developer/Xcode/DerivedData/Hidroly-elzuktlznbzslaasjbjjtdthehri/Build/Intermediates.noindex/Hidroly.build/Debug-iphonesimulator/Hidroly.build/DerivedSources/arm64 -Xcc -I/Users/fabricioalvarenga/Library/Developer/Xcode/DerivedData/Hidroly-elzuktlznbzslaasjbjjtdthehri/Build/Intermediates.noindex/Hidroly.build/Debug-iphonesimulator/Hidroly.build/DerivedSources -Xcc -DDEBUG\=1 -module-name Hidroly -frontend-parseable-output -disable-clang-spi -target-sdk-version 18.0 -target-sdk-name iphonesimulator18.0 -external-plugin-path /Applications/Xcode.app/Contents/Developer/Platforms/iPhoneOS.platform/Developer/usr/lib/swift/host/plugins\#/Applications/Xcode.app/Contents/Developer/Platforms/iPhoneOS.platform/Developer/usr/bin/swift-plugin-server -external-plugin-path /Applications/Xcode.app/Contents/Developer/Platforms/iPhoneOS.platform/Developer/usr/local/lib/swift/host/plugins\#/Applications/Xcode.app/Contents/Developer/Platforms/iPhoneOS.platform/Developer/usr/bin/swift-plugin-server -plugin-path /Applications/Xcode.app/Contents/Developer/Toolchains/XcodeDefault.xctoolchain/usr/lib/swift/host/plugins -plugin-path /Applications/Xcode.app/Contents/Developer/Toolchains/XcodeDefault.xctoolchain/usr/local/lib/swift/host/plugins -o /Users/fabricioalvarenga/Library/Developer/Xcode/DerivedData/Hidroly-elzuktlznbzslaasjbjjtdthehri/Build/Intermediates.noindex/Hidroly.build/Debug-iphonesimulator/Hidroly.build/Objects-normal/arm64/TabModel.o -index-unit-output-path /Hidroly.build/Debug-iphonesimulator/Hidroly.build/Objects-normal/arm64/TabModel.o -index-store-path /Users/fabricioalvarenga/Library/Developer/Xcode/DerivedData/Hidroly-elzuktlznbzslaasjbjjtdthehri/Index.noindex/DataStore -index-system-modules

SwiftCompile normal arm64 /Users/fabricioalvarenga/Desktop/Developer/Hidroly/Hidroly/Models/TabModel.swift (in target 'Hidroly' from project 'Hidroly')
    cd /Users/fabricioalvarenga/Desktop/Developer/Hidroly
    /Applications/Xcode.app/Contents/Developer/Toolchains/XcodeDefault.xctoolchain/usr/bin/swift-frontend -c /Users/fabricioalvarenga/Desktop/Developer/Hidroly/Hidroly/Components/CustomTabBar.swift /Users/fabricioalvarenga/Desktop/Developer/Hidroly/Hidroly/Models/ActivityModel.swift /Users/fabricioalvarenga/Desktop/Developer/Hidroly/Hidroly/Models/AgeModel.swift /Users/fabricioalvarenga/Desktop/Developer/Hidroly/Hidroly/Models/ClimateModel.swift /Users/fabricioalvarenga/Desktop/Developer/Hidroly/Hidroly/Models/DietModel.swift /Users/fabricioalvarenga/Desktop/Developer/Hidroly/Hidroly/Models/GenderModel.swift -primary-file /Users/fabricioalvarenga/Desktop/Developer/Hidroly/Hidroly/Models/TabModel.swift /Users/fabricioalvarenga/Desktop/Developer/Hidroly/Hidroly/Models/WeightModel.swift /Users/fabricioalvarenga/Desktop/Developer/Hidroly/Hidroly/Views/ContentView.swift /Users/fabricioalvarenga/Desktop/Developer/Hidroly/Hidroly/Views/HomeView.swift /Users/fabricioalvarenga/Desktop/Developer/Hidroly/Hidroly/HidrolyApp.swift /Users/fabricioalvarenga/Library/Developer/Xcode/DerivedData/Hidroly-elzuktlznbzslaasjbjjtdthehri/Build/Intermediates.noindex/Hidroly.build/Debug-iphonesimulator/Hidroly.build/DerivedSources/GeneratedAssetSymbols.swift -emit-dependencies-path /Users/fabricioalvarenga/Library/Developer/Xcode/DerivedData/Hidroly-elzuktlznbzslaasjbjjtdthehri/Build/Intermediates.noindex/Hidroly.build/Debug-iphonesimulator/Hidroly.build/Objects-normal/arm64/TabModel.d -emit-const-values-path /Users/fabricioalvarenga/Library/Developer/Xcode/DerivedData/Hidroly-elzuktlznbzslaasjbjjtdthehri/Build/Intermediates.noindex/Hidroly.build/Debug-iphonesimulator/Hidroly.build/Objects-normal/arm64/TabModel.swiftconstvalues -emit-reference-dependencies-path /Users/fabricioalvarenga/Library/Developer/Xcode/DerivedData/Hidroly-elzuktlznbzslaasjbjjtdthehri/Build/Intermediates.noindex/Hidroly.build/Debug-iphonesimulator/Hidroly.build/Objects-normal/arm64/TabModel.swiftdeps -serialize-diagnostics-path /Users/fabricioalvarenga/Library/Developer/Xcode/DerivedData/Hidroly-elzuktlznbzslaasjbjjtdthehri/Build/Intermediates.noindex/Hidroly.build/Debug-iphonesimulator/Hidroly.build/Objects-normal/arm64/TabModel.dia -emit-localized-strings -emit-localized-strings-path /Users/fabricioalvarenga/Library/Developer/Xcode/DerivedData/Hidroly-elzuktlznbzslaasjbjjtdthehri/Build/Intermediates.noindex/Hidroly.build/Debug-iphonesimulator/Hidroly.build/Objects-normal/arm64 -target arm64-apple-ios18.0-simulator -Xllvm -aarch64-use-tbi -enable-objc-interop -sdk /Applications/Xcode.app/Contents/Developer/Platforms/iPhoneSimulator.platform/Developer/SDKs/iPhoneSimulator18.0.sdk -I /Users/fabricioalvarenga/Library/Developer/Xcode/DerivedData/Hidroly-elzuktlznbzslaasjbjjtdthehri/Build/Products/Debug-iphonesimulator -F /Users/fabricioalvarenga/Library/Developer/Xcode/DerivedData/Hidroly-elzuktlznbzslaasjbjjtdthehri/Build/Products/Debug-iphonesimulator -no-color-diagnostics -enable-testing -g -debug-info-format\=dwarf -dwarf-version\=5 -module-cache-path /Users/fabricioalvarenga/Library/Developer/Xcode/DerivedData/ModuleCache.noindex -swift-version 5 -enforce-exclusivity\=checked -Onone -D DEBUG -serialize-debugging-options -const-gather-protocols-file /Users/fabricioalvarenga/Library/Developer/Xcode/DerivedData/Hidroly-elzuktlznbzslaasjbjjtdthehri/Build/Intermediates.noindex/Hidroly.build/Debug-iphonesimulator/Hidroly.build/Objects-normal/arm64/Hidroly_const_extract_protocols.json -enable-experimental-feature DebugDescriptionMacro -enable-experimental-feature OpaqueTypeErasure -enable-bare-slash-regex -empty-abi-descriptor -validate-clang-modules-once -clang-build-session-file /Users/fabricioalvarenga/Library/Developer/Xcode/DerivedData/ModuleCache.noindex/Session.modulevalidation -Xcc -working-directory -Xcc /Users/fabricioalvarenga/Desktop/Developer/Hidroly -resource-dir /Applications/Xcode.app/Contents/Developer/Toolchains/XcodeDefault.xctoolchain/usr/lib/swift -enable-anonymous-context-mangled-names -file-compilation-dir /Users/fabricioalvarenga/Desktop/Developer/Hidroly -Xcc -D_LIBCPP_HARDENING_MODE\=_LIBCPP_HARDENING_MODE_DEBUG -Xcc -ivfsstatcache -Xcc /Users/fabricioalvarenga/Library/Developer/Xcode/DerivedData/SDKStatCaches.noindex/iphonesimulator18.0-22A3362-db63dc9361471f152f572502bdbfe70a.sdkstatcache -Xcc -I/Users/fabricioalvarenga/Library/Developer/Xcode/DerivedData/Hidroly-elzuktlznbzslaasjbjjtdthehri/Build/Intermediates.noindex/Hidroly.build/Debug-iphonesimulator/Hidroly.build/swift-overrides.hmap -Xcc -iquote -Xcc /Users/fabricioalvarenga/Library/Developer/Xcode/DerivedData/Hidroly-elzuktlznbzslaasjbjjtdthehri/Build/Intermediates.noindex/Hidroly.build/Debug-iphonesimulator/Hidroly.build/Hidroly-generated-files.hmap -Xcc -I/Users/fabricioalvarenga/Library/Developer/Xcode/DerivedData/Hidroly-elzuktlznbzslaasjbjjtdthehri/Build/Intermediates.noindex/Hidroly.build/Debug-iphonesimulator/Hidroly.build/Hidroly-own-target-headers.hmap -Xcc -I/Users/fabricioalvarenga/Library/Developer/Xcode/DerivedData/Hidroly-elzuktlznbzslaasjbjjtdthehri/Build/Intermediates.noindex/Hidroly.build/Debug-iphonesimulator/Hidroly.build/Hidroly-all-target-headers.hmap -Xcc -iquote -Xcc /Users/fabricioalvarenga/Library/Developer/Xcode/DerivedData/Hidroly-elzuktlznbzslaasjbjjtdthehri/Build/Intermediates.noindex/Hidroly.build/Debug-iphonesimulator/Hidroly.build/Hidroly-project-headers.hmap -Xcc -I/Users/fabricioalvarenga/Library/Developer/Xcode/DerivedData/Hidroly-elzuktlznbzslaasjbjjtdthehri/Build/Products/Debug-iphonesimulator/include -Xcc -I/Users/fabricioalvarenga/Library/Developer/Xcode/DerivedData/Hidroly-elzuktlznbzslaasjbjjtdthehri/Build/Intermediates.noindex/Hidroly.build/Debug-iphonesimulator/Hidroly.build/DerivedSources-normal/arm64 -Xcc -I/Users/fabricioalvarenga/Library/Developer/Xcode/DerivedData/Hidroly-elzuktlznbzslaasjbjjtdthehri/Build/Intermediates.noindex/Hidroly.build/Debug-iphonesimulator/Hidroly.build/DerivedSources/arm64 -Xcc -I/Users/fabricioalvarenga/Library/Developer/Xcode/DerivedData/Hidroly-elzuktlznbzslaasjbjjtdthehri/Build/Intermediates.noindex/Hidroly.build/Debug-iphonesimulator/Hidroly.build/DerivedSources -Xcc -DDEBUG\=1 -module-name Hidroly -frontend-parseable-output -disable-clang-spi -target-sdk-version 18.0 -target-sdk-name iphonesimulator18.0 -external-plugin-path /Applications/Xcode.app/Contents/Developer/Platforms/iPhoneOS.platform/Developer/usr/lib/swift/host/plugins\#/Applications/Xcode.app/Contents/Developer/Platforms/iPhoneOS.platform/Developer/usr/bin/swift-plugin-server -external-plugin-path /Applications/Xcode.app/Contents/Developer/Platforms/iPhoneOS.platform/Developer/usr/local/lib/swift/host/plugins\#/Applications/Xcode.app/Contents/Developer/Platforms/iPhoneOS.platform/Developer/usr/bin/swift-plugin-server -plugin-path /Applications/Xcode.app/Contents/Developer/Toolchains/XcodeDefault.xctoolchain/usr/lib/swift/host/plugins -plugin-path /Applications/Xcode.app/Contents/Developer/Toolchains/XcodeDefault.xctoolchain/usr/local/lib/swift/host/plugins -o /Users/fabricioalvarenga/Library/Developer/Xcode/DerivedData/Hidroly-elzuktlznbzslaasjbjjtdthehri/Build/Intermediates.noindex/Hidroly.build/Debug-iphonesimulator/Hidroly.build/Objects-normal/arm64/TabModel.o -index-unit-output-path /Hidroly.build/Debug-iphonesimulator/Hidroly.build/Objects-normal/arm64/TabModel.o -index-store-path /Users/fabricioalvarenga/Library/Developer/Xcode/DerivedData/Hidroly-elzuktlznbzslaasjbjjtdthehri/Index.noindex/DataStore -index-system-modules

SwiftCompile normal arm64 Compiling\ DietModel.swift /Users/fabricioalvarenga/Desktop/Developer/Hidroly/Hidroly/Models/DietModel.swift (in target 'Hidroly' from project 'Hidroly')
    cd /Users/fabricioalvarenga/Desktop/Developer/Hidroly
    builtin-swiftTaskExecution -- /Applications/Xcode.app/Contents/Developer/Toolchains/XcodeDefault.xctoolchain/usr/bin/swift-frontend -frontend -c /Users/fabricioalvarenga/Desktop/Developer/Hidroly/Hidroly/Components/CustomTabBar.swift /Users/fabricioalvarenga/Desktop/Developer/Hidroly/Hidroly/Models/ActivityModel.swift /Users/fabricioalvarenga/Desktop/Developer/Hidroly/Hidroly/Models/AgeModel.swift /Users/fabricioalvarenga/Desktop/Developer/Hidroly/Hidroly/Models/ClimateModel.swift -primary-file /Users/fabricioalvarenga/Desktop/Developer/Hidroly/Hidroly/Models/DietModel.swift /Users/fabricioalvarenga/Desktop/Developer/Hidroly/Hidroly/Models/GenderModel.swift /Users/fabricioalvarenga/Desktop/Developer/Hidroly/Hidroly/Models/TabModel.swift /Users/fabricioalvarenga/Desktop/Developer/Hidroly/Hidroly/Models/WeightModel.swift /Users/fabricioalvarenga/Desktop/Developer/Hidroly/Hidroly/Views/ContentView.swift /Users/fabricioalvarenga/Desktop/Developer/Hidroly/Hidroly/Views/HomeView.swift /Users/fabricioalvarenga/Desktop/Developer/Hidroly/Hidroly/HidrolyApp.swift /Users/fabricioalvarenga/Library/Developer/Xcode/DerivedData/Hidroly-elzuktlznbzslaasjbjjtdthehri/Build/Intermediates.noindex/Hidroly.build/Debug-iphonesimulator/Hidroly.build/DerivedSources/GeneratedAssetSymbols.swift -emit-dependencies-path /Users/fabricioalvarenga/Library/Developer/Xcode/DerivedData/Hidroly-elzuktlznbzslaasjbjjtdthehri/Build/Intermediates.noindex/Hidroly.build/Debug-iphonesimulator/Hidroly.build/Objects-normal/arm64/DietModel.d -emit-const-values-path /Users/fabricioalvarenga/Library/Developer/Xcode/DerivedData/Hidroly-elzuktlznbzslaasjbjjtdthehri/Build/Intermediates.noindex/Hidroly.build/Debug-iphonesimulator/Hidroly.build/Objects-normal/arm64/DietModel.swiftconstvalues -emit-reference-dependencies-path /Users/fabricioalvarenga/Library/Developer/Xcode/DerivedData/Hidroly-elzuktlznbzslaasjbjjtdthehri/Build/Intermediates.noindex/Hidroly.build/Debug-iphonesimulator/Hidroly.build/Objects-normal/arm64/DietModel.swiftdeps -serialize-diagnostics-path /Users/fabricioalvarenga/Library/Developer/Xcode/DerivedData/Hidroly-elzuktlznbzslaasjbjjtdthehri/Build/Intermediates.noindex/Hidroly.build/Debug-iphonesimulator/Hidroly.build/Objects-normal/arm64/DietModel.dia -emit-localized-strings -emit-localized-strings-path /Users/fabricioalvarenga/Library/Developer/Xcode/DerivedData/Hidroly-elzuktlznbzslaasjbjjtdthehri/Build/Intermediates.noindex/Hidroly.build/Debug-iphonesimulator/Hidroly.build/Objects-normal/arm64 -target arm64-apple-ios18.0-simulator -Xllvm -aarch64-use-tbi -enable-objc-interop -sdk /Applications/Xcode.app/Contents/Developer/Platforms/iPhoneSimulator.platform/Developer/SDKs/iPhoneSimulator18.0.sdk -I /Users/fabricioalvarenga/Library/Developer/Xcode/DerivedData/Hidroly-elzuktlznbzslaasjbjjtdthehri/Build/Products/Debug-iphonesimulator -F /Users/fabricioalvarenga/Library/Developer/Xcode/DerivedData/Hidroly-elzuktlznbzslaasjbjjtdthehri/Build/Products/Debug-iphonesimulator -no-color-diagnostics -enable-testing -g -debug-info-format\=dwarf -dwarf-version\=5 -module-cache-path /Users/fabricioalvarenga/Library/Developer/Xcode/DerivedData/ModuleCache.noindex -swift-version 5 -enforce-exclusivity\=checked -Onone -D DEBUG -serialize-debugging-options -const-gather-protocols-file /Users/fabricioalvarenga/Library/Developer/Xcode/DerivedData/Hidroly-elzuktlznbzslaasjbjjtdthehri/Build/Intermediates.noindex/Hidroly.build/Debug-iphonesimulator/Hidroly.build/Objects-normal/arm64/Hidroly_const_extract_protocols.json -enable-experimental-feature DebugDescriptionMacro -enable-experimental-feature OpaqueTypeErasure -enable-bare-slash-regex -empty-abi-descriptor -validate-clang-modules-once -clang-build-session-file /Users/fabricioalvarenga/Library/Developer/Xcode/DerivedData/ModuleCache.noindex/Session.modulevalidation -Xcc -working-directory -Xcc /Users/fabricioalvarenga/Desktop/Developer/Hidroly -resource-dir /Applications/Xcode.app/Contents/Developer/Toolchains/XcodeDefault.xctoolchain/usr/lib/swift -enable-anonymous-context-mangled-names -file-compilation-dir /Users/fabricioalvarenga/Desktop/Developer/Hidroly -Xcc -D_LIBCPP_HARDENING_MODE\=_LIBCPP_HARDENING_MODE_DEBUG -Xcc -ivfsstatcache -Xcc /Users/fabricioalvarenga/Library/Developer/Xcode/DerivedData/SDKStatCaches.noindex/iphonesimulator18.0-22A3362-db63dc9361471f152f572502bdbfe70a.sdkstatcache -Xcc -I/Users/fabricioalvarenga/Library/Developer/Xcode/DerivedData/Hidroly-elzuktlznbzslaasjbjjtdthehri/Build/Intermediates.noindex/Hidroly.build/Debug-iphonesimulator/Hidroly.build/swift-overrides.hmap -Xcc -iquote -Xcc /Users/fabricioalvarenga/Library/Developer/Xcode/DerivedData/Hidroly-elzuktlznbzslaasjbjjtdthehri/Build/Intermediates.noindex/Hidroly.build/Debug-iphonesimulator/Hidroly.build/Hidroly-generated-files.hmap -Xcc -I/Users/fabricioalvarenga/Library/Developer/Xcode/DerivedData/Hidroly-elzuktlznbzslaasjbjjtdthehri/Build/Intermediates.noindex/Hidroly.build/Debug-iphonesimulator/Hidroly.build/Hidroly-own-target-headers.hmap -Xcc -I/Users/fabricioalvarenga/Library/Developer/Xcode/DerivedData/Hidroly-elzuktlznbzslaasjbjjtdthehri/Build/Intermediates.noindex/Hidroly.build/Debug-iphonesimulator/Hidroly.build/Hidroly-all-target-headers.hmap -Xcc -iquote -Xcc /Users/fabricioalvarenga/Library/Developer/Xcode/DerivedData/Hidroly-elzuktlznbzslaasjbjjtdthehri/Build/Intermediates.noindex/Hidroly.build/Debug-iphonesimulator/Hidroly.build/Hidroly-project-headers.hmap -Xcc -I/Users/fabricioalvarenga/Library/Developer/Xcode/DerivedData/Hidroly-elzuktlznbzslaasjbjjtdthehri/Build/Products/Debug-iphonesimulator/include -Xcc -I/Users/fabricioalvarenga/Library/Developer/Xcode/DerivedData/Hidroly-elzuktlznbzslaasjbjjtdthehri/Build/Intermediates.noindex/Hidroly.build/Debug-iphonesimulator/Hidroly.build/DerivedSources-normal/arm64 -Xcc -I/Users/fabricioalvarenga/Library/Developer/Xcode/DerivedData/Hidroly-elzuktlznbzslaasjbjjtdthehri/Build/Intermediates.noindex/Hidroly.build/Debug-iphonesimulator/Hidroly.build/DerivedSources/arm64 -Xcc -I/Users/fabricioalvarenga/Library/Developer/Xcode/DerivedData/Hidroly-elzuktlznbzslaasjbjjtdthehri/Build/Intermediates.noindex/Hidroly.build/Debug-iphonesimulator/Hidroly.build/DerivedSources -Xcc -DDEBUG\=1 -module-name Hidroly -frontend-parseable-output -disable-clang-spi -target-sdk-version 18.0 -target-sdk-name iphonesimulator18.0 -external-plugin-path /Applications/Xcode.app/Contents/Developer/Platforms/iPhoneOS.platform/Developer/usr/lib/swift/host/plugins\#/Applications/Xcode.app/Contents/Developer/Platforms/iPhoneOS.platform/Developer/usr/bin/swift-plugin-server -external-plugin-path /Applications/Xcode.app/Contents/Developer/Platforms/iPhoneOS.platform/Developer/usr/local/lib/swift/host/plugins\#/Applications/Xcode.app/Contents/Developer/Platforms/iPhoneOS.platform/Developer/usr/bin/swift-plugin-server -plugin-path /Applications/Xcode.app/Contents/Developer/Toolchains/XcodeDefault.xctoolchain/usr/lib/swift/host/plugins -plugin-path /Applications/Xcode.app/Contents/Developer/Toolchains/XcodeDefault.xctoolchain/usr/local/lib/swift/host/plugins -o /Users/fabricioalvarenga/Library/Developer/Xcode/DerivedData/Hidroly-elzuktlznbzslaasjbjjtdthehri/Build/Intermediates.noindex/Hidroly.build/Debug-iphonesimulator/Hidroly.build/Objects-normal/arm64/DietModel.o -index-unit-output-path /Hidroly.build/Debug-iphonesimulator/Hidroly.build/Objects-normal/arm64/DietModel.o -index-store-path /Users/fabricioalvarenga/Library/Developer/Xcode/DerivedData/Hidroly-elzuktlznbzslaasjbjjtdthehri/Index.noindex/DataStore -index-system-modules

SwiftCompile normal arm64 /Users/fabricioalvarenga/Desktop/Developer/Hidroly/Hidroly/Models/DietModel.swift (in target 'Hidroly' from project 'Hidroly')
    cd /Users/fabricioalvarenga/Desktop/Developer/Hidroly
    /Applications/Xcode.app/Contents/Developer/Toolchains/XcodeDefault.xctoolchain/usr/bin/swift-frontend -c /Users/fabricioalvarenga/Desktop/Developer/Hidroly/Hidroly/Components/CustomTabBar.swift /Users/fabricioalvarenga/Desktop/Developer/Hidroly/Hidroly/Models/ActivityModel.swift /Users/fabricioalvarenga/Desktop/Developer/Hidroly/Hidroly/Models/AgeModel.swift /Users/fabricioalvarenga/Desktop/Developer/Hidroly/Hidroly/Models/ClimateModel.swift -primary-file /Users/fabricioalvarenga/Desktop/Developer/Hidroly/Hidroly/Models/DietModel.swift /Users/fabricioalvarenga/Desktop/Developer/Hidroly/Hidroly/Models/GenderModel.swift /Users/fabricioalvarenga/Desktop/Developer/Hidroly/Hidroly/Models/TabModel.swift /Users/fabricioalvarenga/Desktop/Developer/Hidroly/Hidroly/Models/WeightModel.swift /Users/fabricioalvarenga/Desktop/Developer/Hidroly/Hidroly/Views/ContentView.swift /Users/fabricioalvarenga/Desktop/Developer/Hidroly/Hidroly/Views/HomeView.swift /Users/fabricioalvarenga/Desktop/Developer/Hidroly/Hidroly/HidrolyApp.swift /Users/fabricioalvarenga/Library/Developer/Xcode/DerivedData/Hidroly-elzuktlznbzslaasjbjjtdthehri/Build/Intermediates.noindex/Hidroly.build/Debug-iphonesimulator/Hidroly.build/DerivedSources/GeneratedAssetSymbols.swift -emit-dependencies-path /Users/fabricioalvarenga/Library/Developer/Xcode/DerivedData/Hidroly-elzuktlznbzslaasjbjjtdthehri/Build/Intermediates.noindex/Hidroly.build/Debug-iphonesimulator/Hidroly.build/Objects-normal/arm64/DietModel.d -emit-const-values-path /Users/fabricioalvarenga/Library/Developer/Xcode/DerivedData/Hidroly-elzuktlznbzslaasjbjjtdthehri/Build/Intermediates.noindex/Hidroly.build/Debug-iphonesimulator/Hidroly.build/Objects-normal/arm64/DietModel.swiftconstvalues -emit-reference-dependencies-path /Users/fabricioalvarenga/Library/Developer/Xcode/DerivedData/Hidroly-elzuktlznbzslaasjbjjtdthehri/Build/Intermediates.noindex/Hidroly.build/Debug-iphonesimulator/Hidroly.build/Objects-normal/arm64/DietModel.swiftdeps -serialize-diagnostics-path /Users/fabricioalvarenga/Library/Developer/Xcode/DerivedData/Hidroly-elzuktlznbzslaasjbjjtdthehri/Build/Intermediates.noindex/Hidroly.build/Debug-iphonesimulator/Hidroly.build/Objects-normal/arm64/DietModel.dia -emit-localized-strings -emit-localized-strings-path /Users/fabricioalvarenga/Library/Developer/Xcode/DerivedData/Hidroly-elzuktlznbzslaasjbjjtdthehri/Build/Intermediates.noindex/Hidroly.build/Debug-iphonesimulator/Hidroly.build/Objects-normal/arm64 -target arm64-apple-ios18.0-simulator -Xllvm -aarch64-use-tbi -enable-objc-interop -sdk /Applications/Xcode.app/Contents/Developer/Platforms/iPhoneSimulator.platform/Developer/SDKs/iPhoneSimulator18.0.sdk -I /Users/fabricioalvarenga/Library/Developer/Xcode/DerivedData/Hidroly-elzuktlznbzslaasjbjjtdthehri/Build/Products/Debug-iphonesimulator -F /Users/fabricioalvarenga/Library/Developer/Xcode/DerivedData/Hidroly-elzuktlznbzslaasjbjjtdthehri/Build/Products/Debug-iphonesimulator -no-color-diagnostics -enable-testing -g -debug-info-format\=dwarf -dwarf-version\=5 -module-cache-path /Users/fabricioalvarenga/Library/Developer/Xcode/DerivedData/ModuleCache.noindex -swift-version 5 -enforce-exclusivity\=checked -Onone -D DEBUG -serialize-debugging-options -const-gather-protocols-file /Users/fabricioalvarenga/Library/Developer/Xcode/DerivedData/Hidroly-elzuktlznbzslaasjbjjtdthehri/Build/Intermediates.noindex/Hidroly.build/Debug-iphonesimulator/Hidroly.build/Objects-normal/arm64/Hidroly_const_extract_protocols.json -enable-experimental-feature DebugDescriptionMacro -enable-experimental-feature OpaqueTypeErasure -enable-bare-slash-regex -empty-abi-descriptor -validate-clang-modules-once -clang-build-session-file /Users/fabricioalvarenga/Library/Developer/Xcode/DerivedData/ModuleCache.noindex/Session.modulevalidation -Xcc -working-directory -Xcc /Users/fabricioalvarenga/Desktop/Developer/Hidroly -resource-dir /Applications/Xcode.app/Contents/Developer/Toolchains/XcodeDefault.xctoolchain/usr/lib/swift -enable-anonymous-context-mangled-names -file-compilation-dir /Users/fabricioalvarenga/Desktop/Developer/Hidroly -Xcc -D_LIBCPP_HARDENING_MODE\=_LIBCPP_HARDENING_MODE_DEBUG -Xcc -ivfsstatcache -Xcc /Users/fabricioalvarenga/Library/Developer/Xcode/DerivedData/SDKStatCaches.noindex/iphonesimulator18.0-22A3362-db63dc9361471f152f572502bdbfe70a.sdkstatcache -Xcc -I/Users/fabricioalvarenga/Library/Developer/Xcode/DerivedData/Hidroly-elzuktlznbzslaasjbjjtdthehri/Build/Intermediates.noindex/Hidroly.build/Debug-iphonesimulator/Hidroly.build/swift-overrides.hmap -Xcc -iquote -Xcc /Users/fabricioalvarenga/Library/Developer/Xcode/DerivedData/Hidroly-elzuktlznbzslaasjbjjtdthehri/Build/Intermediates.noindex/Hidroly.build/Debug-iphonesimulator/Hidroly.build/Hidroly-generated-files.hmap -Xcc -I/Users/fabricioalvarenga/Library/Developer/Xcode/DerivedData/Hidroly-elzuktlznbzslaasjbjjtdthehri/Build/Intermediates.noindex/Hidroly.build/Debug-iphonesimulator/Hidroly.build/Hidroly-own-target-headers.hmap -Xcc -I/Users/fabricioalvarenga/Library/Developer/Xcode/DerivedData/Hidroly-elzuktlznbzslaasjbjjtdthehri/Build/Intermediates.noindex/Hidroly.build/Debug-iphonesimulator/Hidroly.build/Hidroly-all-target-headers.hmap -Xcc -iquote -Xcc /Users/fabricioalvarenga/Library/Developer/Xcode/DerivedData/Hidroly-elzuktlznbzslaasjbjjtdthehri/Build/Intermediates.noindex/Hidroly.build/Debug-iphonesimulator/Hidroly.build/Hidroly-project-headers.hmap -Xcc -I/Users/fabricioalvarenga/Library/Developer/Xcode/DerivedData/Hidroly-elzuktlznbzslaasjbjjtdthehri/Build/Products/Debug-iphonesimulator/include -Xcc -I/Users/fabricioalvarenga/Library/Developer/Xcode/DerivedData/Hidroly-elzuktlznbzslaasjbjjtdthehri/Build/Intermediates.noindex/Hidroly.build/Debug-iphonesimulator/Hidroly.build/DerivedSources-normal/arm64 -Xcc -I/Users/fabricioalvarenga/Library/Developer/Xcode/DerivedData/Hidroly-elzuktlznbzslaasjbjjtdthehri/Build/Intermediates.noindex/Hidroly.build/Debug-iphonesimulator/Hidroly.build/DerivedSources/arm64 -Xcc -I/Users/fabricioalvarenga/Library/Developer/Xcode/DerivedData/Hidroly-elzuktlznbzslaasjbjjtdthehri/Build/Intermediates.noindex/Hidroly.build/Debug-iphonesimulator/Hidroly.build/DerivedSources -Xcc -DDEBUG\=1 -module-name Hidroly -frontend-parseable-output -disable-clang-spi -target-sdk-version 18.0 -target-sdk-name iphonesimulator18.0 -external-plugin-path /Applications/Xcode.app/Contents/Developer/Platforms/iPhoneOS.platform/Developer/usr/lib/swift/host/plugins\#/Applications/Xcode.app/Contents/Developer/Platforms/iPhoneOS.platform/Developer/usr/bin/swift-plugin-server -external-plugin-path /Applications/Xcode.app/Contents/Developer/Platforms/iPhoneOS.platform/Developer/usr/local/lib/swift/host/plugins\#/Applications/Xcode.app/Contents/Developer/Platforms/iPhoneOS.platform/Developer/usr/bin/swift-plugin-server -plugin-path /Applications/Xcode.app/Contents/Developer/Toolchains/XcodeDefault.xctoolchain/usr/lib/swift/host/plugins -plugin-path /Applications/Xcode.app/Contents/Developer/Toolchains/XcodeDefault.xctoolchain/usr/local/lib/swift/host/plugins -o /Users/fabricioalvarenga/Library/Developer/Xcode/DerivedData/Hidroly-elzuktlznbzslaasjbjjtdthehri/Build/Intermediates.noindex/Hidroly.build/Debug-iphonesimulator/Hidroly.build/Objects-normal/arm64/DietModel.o -index-unit-output-path /Hidroly.build/Debug-iphonesimulator/Hidroly.build/Objects-normal/arm64/DietModel.o -index-store-path /Users/fabricioalvarenga/Library/Developer/Xcode/DerivedData/Hidroly-elzuktlznbzslaasjbjjtdthehri/Index.noindex/DataStore -index-system-modules

SwiftCompile normal arm64 Compiling\ GenderModel.swift /Users/fabricioalvarenga/Desktop/Developer/Hidroly/Hidroly/Models/GenderModel.swift (in target 'Hidroly' from project 'Hidroly')
    cd /Users/fabricioalvarenga/Desktop/Developer/Hidroly
    builtin-swiftTaskExecution -- /Applications/Xcode.app/Contents/Developer/Toolchains/XcodeDefault.xctoolchain/usr/bin/swift-frontend -frontend -c /Users/fabricioalvarenga/Desktop/Developer/Hidroly/Hidroly/Components/CustomTabBar.swift /Users/fabricioalvarenga/Desktop/Developer/Hidroly/Hidroly/Models/ActivityModel.swift /Users/fabricioalvarenga/Desktop/Developer/Hidroly/Hidroly/Models/AgeModel.swift /Users/fabricioalvarenga/Desktop/Developer/Hidroly/Hidroly/Models/ClimateModel.swift /Users/fabricioalvarenga/Desktop/Developer/Hidroly/Hidroly/Models/DietModel.swift -primary-file /Users/fabricioalvarenga/Desktop/Developer/Hidroly/Hidroly/Models/GenderModel.swift /Users/fabricioalvarenga/Desktop/Developer/Hidroly/Hidroly/Models/TabModel.swift /Users/fabricioalvarenga/Desktop/Developer/Hidroly/Hidroly/Models/WeightModel.swift /Users/fabricioalvarenga/Desktop/Developer/Hidroly/Hidroly/Views/ContentView.swift /Users/fabricioalvarenga/Desktop/Developer/Hidroly/Hidroly/Views/HomeView.swift /Users/fabricioalvarenga/Desktop/Developer/Hidroly/Hidroly/HidrolyApp.swift /Users/fabricioalvarenga/Library/Developer/Xcode/DerivedData/Hidroly-elzuktlznbzslaasjbjjtdthehri/Build/Intermediates.noindex/Hidroly.build/Debug-iphonesimulator/Hidroly.build/DerivedSources/GeneratedAssetSymbols.swift -emit-dependencies-path /Users/fabricioalvarenga/Library/Developer/Xcode/DerivedData/Hidroly-elzuktlznbzslaasjbjjtdthehri/Build/Intermediates.noindex/Hidroly.build/Debug-iphonesimulator/Hidroly.build/Objects-normal/arm64/GenderModel.d -emit-const-values-path /Users/fabricioalvarenga/Library/Developer/Xcode/DerivedData/Hidroly-elzuktlznbzslaasjbjjtdthehri/Build/Intermediates.noindex/Hidroly.build/Debug-iphonesimulator/Hidroly.build/Objects-normal/arm64/GenderModel.swiftconstvalues -emit-reference-dependencies-path /Users/fabricioalvarenga/Library/Developer/Xcode/DerivedData/Hidroly-elzuktlznbzslaasjbjjtdthehri/Build/Intermediates.noindex/Hidroly.build/Debug-iphonesimulator/Hidroly.build/Objects-normal/arm64/GenderModel.swiftdeps -serialize-diagnostics-path /Users/fabricioalvarenga/Library/Developer/Xcode/DerivedData/Hidroly-elzuktlznbzslaasjbjjtdthehri/Build/Intermediates.noindex/Hidroly.build/Debug-iphonesimulator/Hidroly.build/Objects-normal/arm64/GenderModel.dia -emit-localized-strings -emit-localized-strings-path /Users/fabricioalvarenga/Library/Developer/Xcode/DerivedData/Hidroly-elzuktlznbzslaasjbjjtdthehri/Build/Intermediates.noindex/Hidroly.build/Debug-iphonesimulator/Hidroly.build/Objects-normal/arm64 -target arm64-apple-ios18.0-simulator -Xllvm -aarch64-use-tbi -enable-objc-interop -sdk /Applications/Xcode.app/Contents/Developer/Platforms/iPhoneSimulator.platform/Developer/SDKs/iPhoneSimulator18.0.sdk -I /Users/fabricioalvarenga/Library/Developer/Xcode/DerivedData/Hidroly-elzuktlznbzslaasjbjjtdthehri/Build/Products/Debug-iphonesimulator -F /Users/fabricioalvarenga/Library/Developer/Xcode/DerivedData/Hidroly-elzuktlznbzslaasjbjjtdthehri/Build/Products/Debug-iphonesimulator -no-color-diagnostics -enable-testing -g -debug-info-format\=dwarf -dwarf-version\=5 -module-cache-path /Users/fabricioalvarenga/Library/Developer/Xcode/DerivedData/ModuleCache.noindex -swift-version 5 -enforce-exclusivity\=checked -Onone -D DEBUG -serialize-debugging-options -const-gather-protocols-file /Users/fabricioalvarenga/Library/Developer/Xcode/DerivedData/Hidroly-elzuktlznbzslaasjbjjtdthehri/Build/Intermediates.noindex/Hidroly.build/Debug-iphonesimulator/Hidroly.build/Objects-normal/arm64/Hidroly_const_extract_protocols.json -enable-experimental-feature DebugDescriptionMacro -enable-experimental-feature OpaqueTypeErasure -enable-bare-slash-regex -empty-abi-descriptor -validate-clang-modules-once -clang-build-session-file /Users/fabricioalvarenga/Library/Developer/Xcode/DerivedData/ModuleCache.noindex/Session.modulevalidation -Xcc -working-directory -Xcc /Users/fabricioalvarenga/Desktop/Developer/Hidroly -resource-dir /Applications/Xcode.app/Contents/Developer/Toolchains/XcodeDefault.xctoolchain/usr/lib/swift -enable-anonymous-context-mangled-names -file-compilation-dir /Users/fabricioalvarenga/Desktop/Developer/Hidroly -Xcc -D_LIBCPP_HARDENING_MODE\=_LIBCPP_HARDENING_MODE_DEBUG -Xcc -ivfsstatcache -Xcc /Users/fabricioalvarenga/Library/Developer/Xcode/DerivedData/SDKStatCaches.noindex/iphonesimulator18.0-22A3362-db63dc9361471f152f572502bdbfe70a.sdkstatcache -Xcc -I/Users/fabricioalvarenga/Library/Developer/Xcode/DerivedData/Hidroly-elzuktlznbzslaasjbjjtdthehri/Build/Intermediates.noindex/Hidroly.build/Debug-iphonesimulator/Hidroly.build/swift-overrides.hmap -Xcc -iquote -Xcc /Users/fabricioalvarenga/Library/Developer/Xcode/DerivedData/Hidroly-elzuktlznbzslaasjbjjtdthehri/Build/Intermediates.noindex/Hidroly.build/Debug-iphonesimulator/Hidroly.build/Hidroly-generated-files.hmap -Xcc -I/Users/fabricioalvarenga/Library/Developer/Xcode/DerivedData/Hidroly-elzuktlznbzslaasjbjjtdthehri/Build/Intermediates.noindex/Hidroly.build/Debug-iphonesimulator/Hidroly.build/Hidroly-own-target-headers.hmap -Xcc -I/Users/fabricioalvarenga/Library/Developer/Xcode/DerivedData/Hidroly-elzuktlznbzslaasjbjjtdthehri/Build/Intermediates.noindex/Hidroly.build/Debug-iphonesimulator/Hidroly.build/Hidroly-all-target-headers.hmap -Xcc -iquote -Xcc /Users/fabricioalvarenga/Library/Developer/Xcode/DerivedData/Hidroly-elzuktlznbzslaasjbjjtdthehri/Build/Intermediates.noindex/Hidroly.build/Debug-iphonesimulator/Hidroly.build/Hidroly-project-headers.hmap -Xcc -I/Users/fabricioalvarenga/Library/Developer/Xcode/DerivedData/Hidroly-elzuktlznbzslaasjbjjtdthehri/Build/Products/Debug-iphonesimulator/include -Xcc -I/Users/fabricioalvarenga/Library/Developer/Xcode/DerivedData/Hidroly-elzuktlznbzslaasjbjjtdthehri/Build/Intermediates.noindex/Hidroly.build/Debug-iphonesimulator/Hidroly.build/DerivedSources-normal/arm64 -Xcc -I/Users/fabricioalvarenga/Library/Developer/Xcode/DerivedData/Hidroly-elzuktlznbzslaasjbjjtdthehri/Build/Intermediates.noindex/Hidroly.build/Debug-iphonesimulator/Hidroly.build/DerivedSources/arm64 -Xcc -I/Users/fabricioalvarenga/Library/Developer/Xcode/DerivedData/Hidroly-elzuktlznbzslaasjbjjtdthehri/Build/Intermediates.noindex/Hidroly.build/Debug-iphonesimulator/Hidroly.build/DerivedSources -Xcc -DDEBUG\=1 -module-name Hidroly -frontend-parseable-output -disable-clang-spi -target-sdk-version 18.0 -target-sdk-name iphonesimulator18.0 -external-plugin-path /Applications/Xcode.app/Contents/Developer/Platforms/iPhoneOS.platform/Developer/usr/lib/swift/host/plugins\#/Applications/Xcode.app/Contents/Developer/Platforms/iPhoneOS.platform/Developer/usr/bin/swift-plugin-server -external-plugin-path /Applications/Xcode.app/Contents/Developer/Platforms/iPhoneOS.platform/Developer/usr/local/lib/swift/host/plugins\#/Applications/Xcode.app/Contents/Developer/Platforms/iPhoneOS.platform/Developer/usr/bin/swift-plugin-server -plugin-path /Applications/Xcode.app/Contents/Developer/Toolchains/XcodeDefault.xctoolchain/usr/lib/swift/host/plugins -plugin-path /Applications/Xcode.app/Contents/Developer/Toolchains/XcodeDefault.xctoolchain/usr/local/lib/swift/host/plugins -o /Users/fabricioalvarenga/Library/Developer/Xcode/DerivedData/Hidroly-elzuktlznbzslaasjbjjtdthehri/Build/Intermediates.noindex/Hidroly.build/Debug-iphonesimulator/Hidroly.build/Objects-normal/arm64/GenderModel.o -index-unit-output-path /Hidroly.build/Debug-iphonesimulator/Hidroly.build/Objects-normal/arm64/GenderModel.o -index-store-path /Users/fabricioalvarenga/Library/Developer/Xcode/DerivedData/Hidroly-elzuktlznbzslaasjbjjtdthehri/Index.noindex/DataStore -index-system-modules

SwiftCompile normal arm64 /Users/fabricioalvarenga/Desktop/Developer/Hidroly/Hidroly/Models/GenderModel.swift (in target 'Hidroly' from project 'Hidroly')
    cd /Users/fabricioalvarenga/Desktop/Developer/Hidroly
    /Applications/Xcode.app/Contents/Developer/Toolchains/XcodeDefault.xctoolchain/usr/bin/swift-frontend -c /Users/fabricioalvarenga/Desktop/Developer/Hidroly/Hidroly/Components/CustomTabBar.swift /Users/fabricioalvarenga/Desktop/Developer/Hidroly/Hidroly/Models/ActivityModel.swift /Users/fabricioalvarenga/Desktop/Developer/Hidroly/Hidroly/Models/AgeModel.swift /Users/fabricioalvarenga/Desktop/Developer/Hidroly/Hidroly/Models/ClimateModel.swift /Users/fabricioalvarenga/Desktop/Developer/Hidroly/Hidroly/Models/DietModel.swift -primary-file /Users/fabricioalvarenga/Desktop/Developer/Hidroly/Hidroly/Models/GenderModel.swift /Users/fabricioalvarenga/Desktop/Developer/Hidroly/Hidroly/Models/TabModel.swift /Users/fabricioalvarenga/Desktop/Developer/Hidroly/Hidroly/Models/WeightModel.swift /Users/fabricioalvarenga/Desktop/Developer/Hidroly/Hidroly/Views/ContentView.swift /Users/fabricioalvarenga/Desktop/Developer/Hidroly/Hidroly/Views/HomeView.swift /Users/fabricioalvarenga/Desktop/Developer/Hidroly/Hidroly/HidrolyApp.swift /Users/fabricioalvarenga/Library/Developer/Xcode/DerivedData/Hidroly-elzuktlznbzslaasjbjjtdthehri/Build/Intermediates.noindex/Hidroly.build/Debug-iphonesimulator/Hidroly.build/DerivedSources/GeneratedAssetSymbols.swift -emit-dependencies-path /Users/fabricioalvarenga/Library/Developer/Xcode/DerivedData/Hidroly-elzuktlznbzslaasjbjjtdthehri/Build/Intermediates.noindex/Hidroly.build/Debug-iphonesimulator/Hidroly.build/Objects-normal/arm64/GenderModel.d -emit-const-values-path /Users/fabricioalvarenga/Library/Developer/Xcode/DerivedData/Hidroly-elzuktlznbzslaasjbjjtdthehri/Build/Intermediates.noindex/Hidroly.build/Debug-iphonesimulator/Hidroly.build/Objects-normal/arm64/GenderModel.swiftconstvalues -emit-reference-dependencies-path /Users/fabricioalvarenga/Library/Developer/Xcode/DerivedData/Hidroly-elzuktlznbzslaasjbjjtdthehri/Build/Intermediates.noindex/Hidroly.build/Debug-iphonesimulator/Hidroly.build/Objects-normal/arm64/GenderModel.swiftdeps -serialize-diagnostics-path /Users/fabricioalvarenga/Library/Developer/Xcode/DerivedData/Hidroly-elzuktlznbzslaasjbjjtdthehri/Build/Intermediates.noindex/Hidroly.build/Debug-iphonesimulator/Hidroly.build/Objects-normal/arm64/GenderModel.dia -emit-localized-strings -emit-localized-strings-path /Users/fabricioalvarenga/Library/Developer/Xcode/DerivedData/Hidroly-elzuktlznbzslaasjbjjtdthehri/Build/Intermediates.noindex/Hidroly.build/Debug-iphonesimulator/Hidroly.build/Objects-normal/arm64 -target arm64-apple-ios18.0-simulator -Xllvm -aarch64-use-tbi -enable-objc-interop -sdk /Applications/Xcode.app/Contents/Developer/Platforms/iPhoneSimulator.platform/Developer/SDKs/iPhoneSimulator18.0.sdk -I /Users/fabricioalvarenga/Library/Developer/Xcode/DerivedData/Hidroly-elzuktlznbzslaasjbjjtdthehri/Build/Products/Debug-iphonesimulator -F /Users/fabricioalvarenga/Library/Developer/Xcode/DerivedData/Hidroly-elzuktlznbzslaasjbjjtdthehri/Build/Products/Debug-iphonesimulator -no-color-diagnostics -enable-testing -g -debug-info-format\=dwarf -dwarf-version\=5 -module-cache-path /Users/fabricioalvarenga/Library/Developer/Xcode/DerivedData/ModuleCache.noindex -swift-version 5 -enforce-exclusivity\=checked -Onone -D DEBUG -serialize-debugging-options -const-gather-protocols-file /Users/fabricioalvarenga/Library/Developer/Xcode/DerivedData/Hidroly-elzuktlznbzslaasjbjjtdthehri/Build/Intermediates.noindex/Hidroly.build/Debug-iphonesimulator/Hidroly.build/Objects-normal/arm64/Hidroly_const_extract_protocols.json -enable-experimental-feature DebugDescriptionMacro -enable-experimental-feature OpaqueTypeErasure -enable-bare-slash-regex -empty-abi-descriptor -validate-clang-modules-once -clang-build-session-file /Users/fabricioalvarenga/Library/Developer/Xcode/DerivedData/ModuleCache.noindex/Session.modulevalidation -Xcc -working-directory -Xcc /Users/fabricioalvarenga/Desktop/Developer/Hidroly -resource-dir /Applications/Xcode.app/Contents/Developer/Toolchains/XcodeDefault.xctoolchain/usr/lib/swift -enable-anonymous-context-mangled-names -file-compilation-dir /Users/fabricioalvarenga/Desktop/Developer/Hidroly -Xcc -D_LIBCPP_HARDENING_MODE\=_LIBCPP_HARDENING_MODE_DEBUG -Xcc -ivfsstatcache -Xcc /Users/fabricioalvarenga/Library/Developer/Xcode/DerivedData/SDKStatCaches.noindex/iphonesimulator18.0-22A3362-db63dc9361471f152f572502bdbfe70a.sdkstatcache -Xcc -I/Users/fabricioalvarenga/Library/Developer/Xcode/DerivedData/Hidroly-elzuktlznbzslaasjbjjtdthehri/Build/Intermediates.noindex/Hidroly.build/Debug-iphonesimulator/Hidroly.build/swift-overrides.hmap -Xcc -iquote -Xcc /Users/fabricioalvarenga/Library/Developer/Xcode/DerivedData/Hidroly-elzuktlznbzslaasjbjjtdthehri/Build/Intermediates.noindex/Hidroly.build/Debug-iphonesimulator/Hidroly.build/Hidroly-generated-files.hmap -Xcc -I/Users/fabricioalvarenga/Library/Developer/Xcode/DerivedData/Hidroly-elzuktlznbzslaasjbjjtdthehri/Build/Intermediates.noindex/Hidroly.build/Debug-iphonesimulator/Hidroly.build/Hidroly-own-target-headers.hmap -Xcc -I/Users/fabricioalvarenga/Library/Developer/Xcode/DerivedData/Hidroly-elzuktlznbzslaasjbjjtdthehri/Build/Intermediates.noindex/Hidroly.build/Debug-iphonesimulator/Hidroly.build/Hidroly-all-target-headers.hmap -Xcc -iquote -Xcc /Users/fabricioalvarenga/Library/Developer/Xcode/DerivedData/Hidroly-elzuktlznbzslaasjbjjtdthehri/Build/Intermediates.noindex/Hidroly.build/Debug-iphonesimulator/Hidroly.build/Hidroly-project-headers.hmap -Xcc -I/Users/fabricioalvarenga/Library/Developer/Xcode/DerivedData/Hidroly-elzuktlznbzslaasjbjjtdthehri/Build/Products/Debug-iphonesimulator/include -Xcc -I/Users/fabricioalvarenga/Library/Developer/Xcode/DerivedData/Hidroly-elzuktlznbzslaasjbjjtdthehri/Build/Intermediates.noindex/Hidroly.build/Debug-iphonesimulator/Hidroly.build/DerivedSources-normal/arm64 -Xcc -I/Users/fabricioalvarenga/Library/Developer/Xcode/DerivedData/Hidroly-elzuktlznbzslaasjbjjtdthehri/Build/Intermediates.noindex/Hidroly.build/Debug-iphonesimulator/Hidroly.build/DerivedSources/arm64 -Xcc -I/Users/fabricioalvarenga/Library/Developer/Xcode/DerivedData/Hidroly-elzuktlznbzslaasjbjjtdthehri/Build/Intermediates.noindex/Hidroly.build/Debug-iphonesimulator/Hidroly.build/DerivedSources -Xcc -DDEBUG\=1 -module-name Hidroly -frontend-parseable-output -disable-clang-spi -target-sdk-version 18.0 -target-sdk-name iphonesimulator18.0 -external-plugin-path /Applications/Xcode.app/Contents/Developer/Platforms/iPhoneOS.platform/Developer/usr/lib/swift/host/plugins\#/Applications/Xcode.app/Contents/Developer/Platforms/iPhoneOS.platform/Developer/usr/bin/swift-plugin-server -external-plugin-path /Applications/Xcode.app/Contents/Developer/Platforms/iPhoneOS.platform/Developer/usr/local/lib/swift/host/plugins\#/Applications/Xcode.app/Contents/Developer/Platforms/iPhoneOS.platform/Developer/usr/bin/swift-plugin-server -plugin-path /Applications/Xcode.app/Contents/Developer/Toolchains/XcodeDefault.xctoolchain/usr/lib/swift/host/plugins -plugin-path /Applications/Xcode.app/Contents/Developer/Toolchains/XcodeDefault.xctoolchain/usr/local/lib/swift/host/plugins -o /Users/fabricioalvarenga/Library/Developer/Xcode/DerivedData/Hidroly-elzuktlznbzslaasjbjjtdthehri/Build/Intermediates.noindex/Hidroly.build/Debug-iphonesimulator/Hidroly.build/Objects-normal/arm64/GenderModel.o -index-unit-output-path /Hidroly.build/Debug-iphonesimulator/Hidroly.build/Objects-normal/arm64/GenderModel.o -index-store-path /Users/fabricioalvarenga/Library/Developer/Xcode/DerivedData/Hidroly-elzuktlznbzslaasjbjjtdthehri/Index.noindex/DataStore -index-system-modules

SwiftCompile normal arm64 Compiling\ CustomTabBar.swift,\ ActivityModel.swift /Users/fabricioalvarenga/Desktop/Developer/Hidroly/Hidroly/Components/CustomTabBar.swift /Users/fabricioalvarenga/Desktop/Developer/Hidroly/Hidroly/Models/ActivityModel.swift (in target 'Hidroly' from project 'Hidroly')
    cd /Users/fabricioalvarenga/Desktop/Developer/Hidroly
    builtin-swiftTaskExecution -- /Applications/Xcode.app/Contents/Developer/Toolchains/XcodeDefault.xctoolchain/usr/bin/swift-frontend -frontend -c -primary-file /Users/fabricioalvarenga/Desktop/Developer/Hidroly/Hidroly/Components/CustomTabBar.swift -primary-file /Users/fabricioalvarenga/Desktop/Developer/Hidroly/Hidroly/Models/ActivityModel.swift /Users/fabricioalvarenga/Desktop/Developer/Hidroly/Hidroly/Models/AgeModel.swift /Users/fabricioalvarenga/Desktop/Developer/Hidroly/Hidroly/Models/ClimateModel.swift /Users/fabricioalvarenga/Desktop/Developer/Hidroly/Hidroly/Models/DietModel.swift /Users/fabricioalvarenga/Desktop/Developer/Hidroly/Hidroly/Models/GenderModel.swift /Users/fabricioalvarenga/Desktop/Developer/Hidroly/Hidroly/Models/TabModel.swift /Users/fabricioalvarenga/Desktop/Developer/Hidroly/Hidroly/Models/WeightModel.swift /Users/fabricioalvarenga/Desktop/Developer/Hidroly/Hidroly/Views/ContentView.swift /Users/fabricioalvarenga/Desktop/Developer/Hidroly/Hidroly/Views/HomeView.swift /Users/fabricioalvarenga/Desktop/Developer/Hidroly/Hidroly/HidrolyApp.swift /Users/fabricioalvarenga/Library/Developer/Xcode/DerivedData/Hidroly-elzuktlznbzslaasjbjjtdthehri/Build/Intermediates.noindex/Hidroly.build/Debug-iphonesimulator/Hidroly.build/DerivedSources/GeneratedAssetSymbols.swift -emit-dependencies-path /Users/fabricioalvarenga/Library/Developer/Xcode/DerivedData/Hidroly-elzuktlznbzslaasjbjjtdthehri/Build/Intermediates.noindex/Hidroly.build/Debug-iphonesimulator/Hidroly.build/Objects-normal/arm64/CustomTabBar.d -emit-const-values-path /Users/fabricioalvarenga/Library/Developer/Xcode/DerivedData/Hidroly-elzuktlznbzslaasjbjjtdthehri/Build/Intermediates.noindex/Hidroly.build/Debug-iphonesimulator/Hidroly.build/Objects-normal/arm64/CustomTabBar.swiftconstvalues -emit-reference-dependencies-path /Users/fabricioalvarenga/Library/Developer/Xcode/DerivedData/Hidroly-elzuktlznbzslaasjbjjtdthehri/Build/Intermediates.noindex/Hidroly.build/Debug-iphonesimulator/Hidroly.build/Objects-normal/arm64/CustomTabBar.swiftdeps -serialize-diagnostics-path /Users/fabricioalvarenga/Library/Developer/Xcode/DerivedData/Hidroly-elzuktlznbzslaasjbjjtdthehri/Build/Intermediates.noindex/Hidroly.build/Debug-iphonesimulator/Hidroly.build/Objects-normal/arm64/CustomTabBar.dia -emit-dependencies-path /Users/fabricioalvarenga/Library/Developer/Xcode/DerivedData/Hidroly-elzuktlznbzslaasjbjjtdthehri/Build/Intermediates.noindex/Hidroly.build/Debug-iphonesimulator/Hidroly.build/Objects-normal/arm64/ActivityModel.d -emit-const-values-path /Users/fabricioalvarenga/Library/Developer/Xcode/DerivedData/Hidroly-elzuktlznbzslaasjbjjtdthehri/Build/Intermediates.noindex/Hidroly.build/Debug-iphonesimulator/Hidroly.build/Objects-normal/arm64/ActivityModel.swiftconstvalues -emit-reference-dependencies-path /Users/fabricioalvarenga/Library/Developer/Xcode/DerivedData/Hidroly-elzuktlznbzslaasjbjjtdthehri/Build/Intermediates.noindex/Hidroly.build/Debug-iphonesimulator/Hidroly.build/Objects-normal/arm64/ActivityModel.swiftdeps -serialize-diagnostics-path /Users/fabricioalvarenga/Library/Developer/Xcode/DerivedData/Hidroly-elzuktlznbzslaasjbjjtdthehri/Build/Intermediates.noindex/Hidroly.build/Debug-iphonesimulator/Hidroly.build/Objects-normal/arm64/ActivityModel.dia -emit-localized-strings -emit-localized-strings-path /Users/fabricioalvarenga/Library/Developer/Xcode/DerivedData/Hidroly-elzuktlznbzslaasjbjjtdthehri/Build/Intermediates.noindex/Hidroly.build/Debug-iphonesimulator/Hidroly.build/Objects-normal/arm64 -target arm64-apple-ios18.0-simulator -Xllvm -aarch64-use-tbi -enable-objc-interop -sdk /Applications/Xcode.app/Contents/Developer/Platforms/iPhoneSimulator.platform/Developer/SDKs/iPhoneSimulator18.0.sdk -I /Users/fabricioalvarenga/Library/Developer/Xcode/DerivedData/Hidroly-elzuktlznbzslaasjbjjtdthehri/Build/Products/Debug-iphonesimulator -F /Users/fabricioalvarenga/Library/Developer/Xcode/DerivedData/Hidroly-elzuktlznbzslaasjbjjtdthehri/Build/Products/Debug-iphonesimulator -no-color-diagnostics -enable-testing -g -debug-info-format\=dwarf -dwarf-version\=5 -module-cache-path /Users/fabricioalvarenga/Library/Developer/Xcode/DerivedData/ModuleCache.noindex -swift-version 5 -enforce-exclusivity\=checked -Onone -D DEBUG -serialize-debugging-options -const-gather-protocols-file /Users/fabricioalvarenga/Library/Developer/Xcode/DerivedData/Hidroly-elzuktlznbzslaasjbjjtdthehri/Build/Intermediates.noindex/Hidroly.build/Debug-iphonesimulator/Hidroly.build/Objects-normal/arm64/Hidroly_const_extract_protocols.json -enable-experimental-feature DebugDescriptionMacro -enable-experimental-feature OpaqueTypeErasure -enable-bare-slash-regex -empty-abi-descriptor -validate-clang-modules-once -clang-build-session-file /Users/fabricioalvarenga/Library/Developer/Xcode/DerivedData/ModuleCache.noindex/Session.modulevalidation -Xcc -working-directory -Xcc /Users/fabricioalvarenga/Desktop/Developer/Hidroly -resource-dir /Applications/Xcode.app/Contents/Developer/Toolchains/XcodeDefault.xctoolchain/usr/lib/swift -enable-anonymous-context-mangled-names -file-compilation-dir /Users/fabricioalvarenga/Desktop/Developer/Hidroly -Xcc -D_LIBCPP_HARDENING_MODE\=_LIBCPP_HARDENING_MODE_DEBUG -Xcc -ivfsstatcache -Xcc /Users/fabricioalvarenga/Library/Developer/Xcode/DerivedData/SDKStatCaches.noindex/iphonesimulator18.0-22A3362-db63dc9361471f152f572502bdbfe70a.sdkstatcache -Xcc -I/Users/fabricioalvarenga/Library/Developer/Xcode/DerivedData/Hidroly-elzuktlznbzslaasjbjjtdthehri/Build/Intermediates.noindex/Hidroly.build/Debug-iphonesimulator/Hidroly.build/swift-overrides.hmap -Xcc -iquote -Xcc /Users/fabricioalvarenga/Library/Developer/Xcode/DerivedData/Hidroly-elzuktlznbzslaasjbjjtdthehri/Build/Intermediates.noindex/Hidroly.build/Debug-iphonesimulator/Hidroly.build/Hidroly-generated-files.hmap -Xcc -I/Users/fabricioalvarenga/Library/Developer/Xcode/DerivedData/Hidroly-elzuktlznbzslaasjbjjtdthehri/Build/Intermediates.noindex/Hidroly.build/Debug-iphonesimulator/Hidroly.build/Hidroly-own-target-headers.hmap -Xcc -I/Users/fabricioalvarenga/Library/Developer/Xcode/DerivedData/Hidroly-elzuktlznbzslaasjbjjtdthehri/Build/Intermediates.noindex/Hidroly.build/Debug-iphonesimulator/Hidroly.build/Hidroly-all-target-headers.hmap -Xcc -iquote -Xcc /Users/fabricioalvarenga/Library/Developer/Xcode/DerivedData/Hidroly-elzuktlznbzslaasjbjjtdthehri/Build/Intermediates.noindex/Hidroly.build/Debug-iphonesimulator/Hidroly.build/Hidroly-project-headers.hmap -Xcc -I/Users/fabricioalvarenga/Library/Developer/Xcode/DerivedData/Hidroly-elzuktlznbzslaasjbjjtdthehri/Build/Products/Debug-iphonesimulator/include -Xcc -I/Users/fabricioalvarenga/Library/Developer/Xcode/DerivedData/Hidroly-elzuktlznbzslaasjbjjtdthehri/Build/Intermediates.noindex/Hidroly.build/Debug-iphonesimulator/Hidroly.build/DerivedSources-normal/arm64 -Xcc -I/Users/fabricioalvarenga/Library/Developer/Xcode/DerivedData/Hidroly-elzuktlznbzslaasjbjjtdthehri/Build/Intermediates.noindex/Hidroly.build/Debug-iphonesimulator/Hidroly.build/DerivedSources/arm64 -Xcc -I/Users/fabricioalvarenga/Library/Developer/Xcode/DerivedData/Hidroly-elzuktlznbzslaasjbjjtdthehri/Build/Intermediates.noindex/Hidroly.build/Debug-iphonesimulator/Hidroly.build/DerivedSources -Xcc -DDEBUG\=1 -module-name Hidroly -frontend-parseable-output -disable-clang-spi -target-sdk-version 18.0 -target-sdk-name iphonesimulator18.0 -external-plugin-path /Applications/Xcode.app/Contents/Developer/Platforms/iPhoneOS.platform/Developer/usr/lib/swift/host/plugins\#/Applications/Xcode.app/Contents/Developer/Platforms/iPhoneOS.platform/Developer/usr/bin/swift-plugin-server -external-plugin-path /Applications/Xcode.app/Contents/Developer/Platforms/iPhoneOS.platform/Developer/usr/local/lib/swift/host/plugins\#/Applications/Xcode.app/Contents/Developer/Platforms/iPhoneOS.platform/Developer/usr/bin/swift-plugin-server -plugin-path /Applications/Xcode.app/Contents/Developer/Toolchains/XcodeDefault.xctoolchain/usr/lib/swift/host/plugins -plugin-path /Applications/Xcode.app/Contents/Developer/Toolchains/XcodeDefault.xctoolchain/usr/local/lib/swift/host/plugins -o /Users/fabricioalvarenga/Library/Developer/Xcode/DerivedData/Hidroly-elzuktlznbzslaasjbjjtdthehri/Build/Intermediates.noindex/Hidroly.build/Debug-iphonesimulator/Hidroly.build/Objects-normal/arm64/CustomTabBar.o -o /Users/fabricioalvarenga/Library/Developer/Xcode/DerivedData/Hidroly-elzuktlznbzslaasjbjjtdthehri/Build/Intermediates.noindex/Hidroly.build/Debug-iphonesimulator/Hidroly.build/Objects-normal/arm64/ActivityModel.o -index-unit-output-path /Hidroly.build/Debug-iphonesimulator/Hidroly.build/Objects-normal/arm64/CustomTabBar.o -index-unit-output-path /Hidroly.build/Debug-iphonesimulator/Hidroly.build/Objects-normal/arm64/ActivityModel.o -index-store-path /Users/fabricioalvarenga/Library/Developer/Xcode/DerivedData/Hidroly-elzuktlznbzslaasjbjjtdthehri/Index.noindex/DataStore -index-system-modules
SwiftCompile normal arm64 /Users/fabricioalvarenga/Desktop/Developer/Hidroly/Hidroly/Components/CustomTabBar.swift (in target 'Hidroly' from project 'Hidroly')
    cd /Users/fabricioalvarenga/Desktop/Developer/Hidroly
    /Applications/Xcode.app/Contents/Developer/Toolchains/XcodeDefault.xctoolchain/usr/bin/swift-frontend -c -primary-file /Users/fabricioalvarenga/Desktop/Developer/Hidroly/Hidroly/Components/CustomTabBar.swift -primary-file /Users/fabricioalvarenga/Desktop/Developer/Hidroly/Hidroly/Models/ActivityModel.swift /Users/fabricioalvarenga/Desktop/Developer/Hidroly/Hidroly/Models/AgeModel.swift /Users/fabricioalvarenga/Desktop/Developer/Hidroly/Hidroly/Models/ClimateModel.swift /Users/fabricioalvarenga/Desktop/Developer/Hidroly/Hidroly/Models/DietModel.swift /Users/fabricioalvarenga/Desktop/Developer/Hidroly/Hidroly/Models/GenderModel.swift /Users/fabricioalvarenga/Desktop/Developer/Hidroly/Hidroly/Models/TabModel.swift /Users/fabricioalvarenga/Desktop/Developer/Hidroly/Hidroly/Models/WeightModel.swift /Users/fabricioalvarenga/Desktop/Developer/Hidroly/Hidroly/Views/ContentView.swift /Users/fabricioalvarenga/Desktop/Developer/Hidroly/Hidroly/Views/HomeView.swift /Users/fabricioalvarenga/Desktop/Developer/Hidroly/Hidroly/HidrolyApp.swift /Users/fabricioalvarenga/Library/Developer/Xcode/DerivedData/Hidroly-elzuktlznbzslaasjbjjtdthehri/Build/Intermediates.noindex/Hidroly.build/Debug-iphonesimulator/Hidroly.build/DerivedSources/GeneratedAssetSymbols.swift -emit-dependencies-path /Users/fabricioalvarenga/Library/Developer/Xcode/DerivedData/Hidroly-elzuktlznbzslaasjbjjtdthehri/Build/Intermediates.noindex/Hidroly.build/Debug-iphonesimulator/Hidroly.build/Objects-normal/arm64/CustomTabBar.d -emit-const-values-path /Users/fabricioalvarenga/Library/Developer/Xcode/DerivedData/Hidroly-elzuktlznbzslaasjbjjtdthehri/Build/Intermediates.noindex/Hidroly.build/Debug-iphonesimulator/Hidroly.build/Objects-normal/arm64/CustomTabBar.swiftconstvalues -emit-reference-dependencies-path /Users/fabricioalvarenga/Library/Developer/Xcode/DerivedData/Hidroly-elzuktlznbzslaasjbjjtdthehri/Build/Intermediates.noindex/Hidroly.build/Debug-iphonesimulator/Hidroly.build/Objects-normal/arm64/CustomTabBar.swiftdeps -serialize-diagnostics-path /Users/fabricioalvarenga/Library/Developer/Xcode/DerivedData/Hidroly-elzuktlznbzslaasjbjjtdthehri/Build/Intermediates.noindex/Hidroly.build/Debug-iphonesimulator/Hidroly.build/Objects-normal/arm64/CustomTabBar.dia -emit-dependencies-path /Users/fabricioalvarenga/Library/Developer/Xcode/DerivedData/Hidroly-elzuktlznbzslaasjbjjtdthehri/Build/Intermediates.noindex/Hidroly.build/Debug-iphonesimulator/Hidroly.build/Objects-normal/arm64/ActivityModel.d -emit-const-values-path /Users/fabricioalvarenga/Library/Developer/Xcode/DerivedData/Hidroly-elzuktlznbzslaasjbjjtdthehri/Build/Intermediates.noindex/Hidroly.build/Debug-iphonesimulator/Hidroly.build/Objects-normal/arm64/ActivityModel.swiftconstvalues -emit-reference-dependencies-path /Users/fabricioalvarenga/Library/Developer/Xcode/DerivedData/Hidroly-elzuktlznbzslaasjbjjtdthehri/Build/Intermediates.noindex/Hidroly.build/Debug-iphonesimulator/Hidroly.build/Objects-normal/arm64/ActivityModel.swiftdeps -serialize-diagnostics-path /Users/fabricioalvarenga/Library/Developer/Xcode/DerivedData/Hidroly-elzuktlznbzslaasjbjjtdthehri/Build/Intermediates.noindex/Hidroly.build/Debug-iphonesimulator/Hidroly.build/Objects-normal/arm64/ActivityModel.dia -emit-localized-strings -emit-localized-strings-path /Users/fabricioalvarenga/Library/Developer/Xcode/DerivedData/Hidroly-elzuktlznbzslaasjbjjtdthehri/Build/Intermediates.noindex/Hidroly.build/Debug-iphonesimulator/Hidroly.build/Objects-normal/arm64 -target arm64-apple-ios18.0-simulator -Xllvm -aarch64-use-tbi -enable-objc-interop -sdk /Applications/Xcode.app/Contents/Developer/Platforms/iPhoneSimulator.platform/Developer/SDKs/iPhoneSimulator18.0.sdk -I /Users/fabricioalvarenga/Library/Developer/Xcode/DerivedData/Hidroly-elzuktlznbzslaasjbjjtdthehri/Build/Products/Debug-iphonesimulator -F /Users/fabricioalvarenga/Library/Developer/Xcode/DerivedData/Hidroly-elzuktlznbzslaasjbjjtdthehri/Build/Products/Debug-iphonesimulator -no-color-diagnostics -enable-testing -g -debug-info-format\=dwarf -dwarf-version\=5 -module-cache-path /Users/fabricioalvarenga/Library/Developer/Xcode/DerivedData/ModuleCache.noindex -swift-version 5 -enforce-exclusivity\=checked -Onone -D DEBUG -serialize-debugging-options -const-gather-protocols-file /Users/fabricioalvarenga/Library/Developer/Xcode/DerivedData/Hidroly-elzuktlznbzslaasjbjjtdthehri/Build/Intermediates.noindex/Hidroly.build/Debug-iphonesimulator/Hidroly.build/Objects-normal/arm64/Hidroly_const_extract_protocols.json -enable-experimental-feature DebugDescriptionMacro -enable-experimental-feature OpaqueTypeErasure -enable-bare-slash-regex -empty-abi-descriptor -validate-clang-modules-once -clang-build-session-file /Users/fabricioalvarenga/Library/Developer/Xcode/DerivedData/ModuleCache.noindex/Session.modulevalidation -Xcc -working-directory -Xcc /Users/fabricioalvarenga/Desktop/Developer/Hidroly -resource-dir /Applications/Xcode.app/Contents/Developer/Toolchains/XcodeDefault.xctoolchain/usr/lib/swift -enable-anonymous-context-mangled-names -file-compilation-dir /Users/fabricioalvarenga/Desktop/Developer/Hidroly -Xcc -D_LIBCPP_HARDENING_MODE\=_LIBCPP_HARDENING_MODE_DEBUG -Xcc -ivfsstatcache -Xcc /Users/fabricioalvarenga/Library/Developer/Xcode/DerivedData/SDKStatCaches.noindex/iphonesimulator18.0-22A3362-db63dc9361471f152f572502bdbfe70a.sdkstatcache -Xcc -I/Users/fabricioalvarenga/Library/Developer/Xcode/DerivedData/Hidroly-elzuktlznbzslaasjbjjtdthehri/Build/Intermediates.noindex/Hidroly.build/Debug-iphonesimulator/Hidroly.build/swift-overrides.hmap -Xcc -iquote -Xcc /Users/fabricioalvarenga/Library/Developer/Xcode/DerivedData/Hidroly-elzuktlznbzslaasjbjjtdthehri/Build/Intermediates.noindex/Hidroly.build/Debug-iphonesimulator/Hidroly.build/Hidroly-generated-files.hmap -Xcc -I/Users/fabricioalvarenga/Library/Developer/Xcode/DerivedData/Hidroly-elzuktlznbzslaasjbjjtdthehri/Build/Intermediates.noindex/Hidroly.build/Debug-iphonesimulator/Hidroly.build/Hidroly-own-target-headers.hmap -Xcc -I/Users/fabricioalvarenga/Library/Developer/Xcode/DerivedData/Hidroly-elzuktlznbzslaasjbjjtdthehri/Build/Intermediates.noindex/Hidroly.build/Debug-iphonesimulator/Hidroly.build/Hidroly-all-target-headers.hmap -Xcc -iquote -Xcc /Users/fabricioalvarenga/Library/Developer/Xcode/DerivedData/Hidroly-elzuktlznbzslaasjbjjtdthehri/Build/Intermediates.noindex/Hidroly.build/Debug-iphonesimulator/Hidroly.build/Hidroly-project-headers.hmap -Xcc -I/Users/fabricioalvarenga/Library/Developer/Xcode/DerivedData/Hidroly-elzuktlznbzslaasjbjjtdthehri/Build/Products/Debug-iphonesimulator/include -Xcc -I/Users/fabricioalvarenga/Library/Developer/Xcode/DerivedData/Hidroly-elzuktlznbzslaasjbjjtdthehri/Build/Intermediates.noindex/Hidroly.build/Debug-iphonesimulator/Hidroly.build/DerivedSources-normal/arm64 -Xcc -I/Users/fabricioalvarenga/Library/Developer/Xcode/DerivedData/Hidroly-elzuktlznbzslaasjbjjtdthehri/Build/Intermediates.noindex/Hidroly.build/Debug-iphonesimulator/Hidroly.build/DerivedSources/arm64 -Xcc -I/Users/fabricioalvarenga/Library/Developer/Xcode/DerivedData/Hidroly-elzuktlznbzslaasjbjjtdthehri/Build/Intermediates.noindex/Hidroly.build/Debug-iphonesimulator/Hidroly.build/DerivedSources -Xcc -DDEBUG\=1 -module-name Hidroly -frontend-parseable-output -disable-clang-spi -target-sdk-version 18.0 -target-sdk-name iphonesimulator18.0 -external-plugin-path /Applications/Xcode.app/Contents/Developer/Platforms/iPhoneOS.platform/Developer/usr/lib/swift/host/plugins\#/Applications/Xcode.app/Contents/Developer/Platforms/iPhoneOS.platform/Developer/usr/bin/swift-plugin-server -external-plugin-path /Applications/Xcode.app/Contents/Developer/Platforms/iPhoneOS.platform/Developer/usr/local/lib/swift/host/plugins\#/Applications/Xcode.app/Contents/Developer/Platforms/iPhoneOS.platform/Developer/usr/bin/swift-plugin-server -plugin-path /Applications/Xcode.app/Contents/Developer/Toolchains/XcodeDefault.xctoolchain/usr/lib/swift/host/plugins -plugin-path /Applications/Xcode.app/Contents/Developer/Toolchains/XcodeDefault.xctoolchain/usr/local/lib/swift/host/plugins -o /Users/fabricioalvarenga/Library/Developer/Xcode/DerivedData/Hidroly-elzuktlznbzslaasjbjjtdthehri/Build/Intermediates.noindex/Hidroly.build/Debug-iphonesimulator/Hidroly.build/Objects-normal/arm64/CustomTabBar.o -o /Users/fabricioalvarenga/Library/Developer/Xcode/DerivedData/Hidroly-elzuktlznbzslaasjbjjtdthehri/Build/Intermediates.noindex/Hidroly.build/Debug-iphonesimulator/Hidroly.build/Objects-normal/arm64/ActivityModel.o -index-unit-output-path /Hidroly.build/Debug-iphonesimulator/Hidroly.build/Objects-normal/arm64/CustomTabBar.o -index-unit-output-path /Hidroly.build/Debug-iphonesimulator/Hidroly.build/Objects-normal/arm64/ActivityModel.o -index-store-path /Users/fabricioalvarenga/Library/Developer/Xcode/DerivedData/Hidroly-elzuktlznbzslaasjbjjtdthehri/Index.noindex/DataStore -index-system-modules

SwiftCompile normal arm64 /Users/fabricioalvarenga/Desktop/Developer/Hidroly/Hidroly/Models/ActivityModel.swift (in target 'Hidroly' from project 'Hidroly')
    cd /Users/fabricioalvarenga/Desktop/Developer/Hidroly
    /Applications/Xcode.app/Contents/Developer/Toolchains/XcodeDefault.xctoolchain/usr/bin/swift-frontend -c -primary-file /Users/fabricioalvarenga/Desktop/Developer/Hidroly/Hidroly/Components/CustomTabBar.swift -primary-file /Users/fabricioalvarenga/Desktop/Developer/Hidroly/Hidroly/Models/ActivityModel.swift /Users/fabricioalvarenga/Desktop/Developer/Hidroly/Hidroly/Models/AgeModel.swift /Users/fabricioalvarenga/Desktop/Developer/Hidroly/Hidroly/Models/ClimateModel.swift /Users/fabricioalvarenga/Desktop/Developer/Hidroly/Hidroly/Models/DietModel.swift /Users/fabricioalvarenga/Desktop/Developer/Hidroly/Hidroly/Models/GenderModel.swift /Users/fabricioalvarenga/Desktop/Developer/Hidroly/Hidroly/Models/TabModel.swift /Users/fabricioalvarenga/Desktop/Developer/Hidroly/Hidroly/Models/WeightModel.swift /Users/fabricioalvarenga/Desktop/Developer/Hidroly/Hidroly/Views/ContentView.swift /Users/fabricioalvarenga/Desktop/Developer/Hidroly/Hidroly/Views/HomeView.swift /Users/fabricioalvarenga/Desktop/Developer/Hidroly/Hidroly/HidrolyApp.swift /Users/fabricioalvarenga/Library/Developer/Xcode/DerivedData/Hidroly-elzuktlznbzslaasjbjjtdthehri/Build/Intermediates.noindex/Hidroly.build/Debug-iphonesimulator/Hidroly.build/DerivedSources/GeneratedAssetSymbols.swift -emit-dependencies-path /Users/fabricioalvarenga/Library/Developer/Xcode/DerivedData/Hidroly-elzuktlznbzslaasjbjjtdthehri/Build/Intermediates.noindex/Hidroly.build/Debug-iphonesimulator/Hidroly.build/Objects-normal/arm64/CustomTabBar.d -emit-const-values-path /Users/fabricioalvarenga/Library/Developer/Xcode/DerivedData/Hidroly-elzuktlznbzslaasjbjjtdthehri/Build/Intermediates.noindex/Hidroly.build/Debug-iphonesimulator/Hidroly.build/Objects-normal/arm64/CustomTabBar.swiftconstvalues -emit-reference-dependencies-path /Users/fabricioalvarenga/Library/Developer/Xcode/DerivedData/Hidroly-elzuktlznbzslaasjbjjtdthehri/Build/Intermediates.noindex/Hidroly.build/Debug-iphonesimulator/Hidroly.build/Objects-normal/arm64/CustomTabBar.swiftdeps -serialize-diagnostics-path /Users/fabricioalvarenga/Library/Developer/Xcode/DerivedData/Hidroly-elzuktlznbzslaasjbjjtdthehri/Build/Intermediates.noindex/Hidroly.build/Debug-iphonesimulator/Hidroly.build/Objects-normal/arm64/CustomTabBar.dia -emit-dependencies-path /Users/fabricioalvarenga/Library/Developer/Xcode/DerivedData/Hidroly-elzuktlznbzslaasjbjjtdthehri/Build/Intermediates.noindex/Hidroly.build/Debug-iphonesimulator/Hidroly.build/Objects-normal/arm64/ActivityModel.d -emit-const-values-path /Users/fabricioalvarenga/Library/Developer/Xcode/DerivedData/Hidroly-elzuktlznbzslaasjbjjtdthehri/Build/Intermediates.noindex/Hidroly.build/Debug-iphonesimulator/Hidroly.build/Objects-normal/arm64/ActivityModel.swiftconstvalues -emit-reference-dependencies-path /Users/fabricioalvarenga/Library/Developer/Xcode/DerivedData/Hidroly-elzuktlznbzslaasjbjjtdthehri/Build/Intermediates.noindex/Hidroly.build/Debug-iphonesimulator/Hidroly.build/Objects-normal/arm64/ActivityModel.swiftdeps -serialize-diagnostics-path /Users/fabricioalvarenga/Library/Developer/Xcode/DerivedData/Hidroly-elzuktlznbzslaasjbjjtdthehri/Build/Intermediates.noindex/Hidroly.build/Debug-iphonesimulator/Hidroly.build/Objects-normal/arm64/ActivityModel.dia -emit-localized-strings -emit-localized-strings-path /Users/fabricioalvarenga/Library/Developer/Xcode/DerivedData/Hidroly-elzuktlznbzslaasjbjjtdthehri/Build/Intermediates.noindex/Hidroly.build/Debug-iphonesimulator/Hidroly.build/Objects-normal/arm64 -target arm64-apple-ios18.0-simulator -Xllvm -aarch64-use-tbi -enable-objc-interop -sdk /Applications/Xcode.app/Contents/Developer/Platforms/iPhoneSimulator.platform/Developer/SDKs/iPhoneSimulator18.0.sdk -I /Users/fabricioalvarenga/Library/Developer/Xcode/DerivedData/Hidroly-elzuktlznbzslaasjbjjtdthehri/Build/Products/Debug-iphonesimulator -F /Users/fabricioalvarenga/Library/Developer/Xcode/DerivedData/Hidroly-elzuktlznbzslaasjbjjtdthehri/Build/Products/Debug-iphonesimulator -no-color-diagnostics -enable-testing -g -debug-info-format\=dwarf -dwarf-version\=5 -module-cache-path /Users/fabricioalvarenga/Library/Developer/Xcode/DerivedData/ModuleCache.noindex -swift-version 5 -enforce-exclusivity\=checked -Onone -D DEBUG -serialize-debugging-options -const-gather-protocols-file /Users/fabricioalvarenga/Library/Developer/Xcode/DerivedData/Hidroly-elzuktlznbzslaasjbjjtdthehri/Build/Intermediates.noindex/Hidroly.build/Debug-iphonesimulator/Hidroly.build/Objects-normal/arm64/Hidroly_const_extract_protocols.json -enable-experimental-feature DebugDescriptionMacro -enable-experimental-feature OpaqueTypeErasure -enable-bare-slash-regex -empty-abi-descriptor -validate-clang-modules-once -clang-build-session-file /Users/fabricioalvarenga/Library/Developer/Xcode/DerivedData/ModuleCache.noindex/Session.modulevalidation -Xcc -working-directory -Xcc /Users/fabricioalvarenga/Desktop/Developer/Hidroly -resource-dir /Applications/Xcode.app/Contents/Developer/Toolchains/XcodeDefault.xctoolchain/usr/lib/swift -enable-anonymous-context-mangled-names -file-compilation-dir /Users/fabricioalvarenga/Desktop/Developer/Hidroly -Xcc -D_LIBCPP_HARDENING_MODE\=_LIBCPP_HARDENING_MODE_DEBUG -Xcc -ivfsstatcache -Xcc /Users/fabricioalvarenga/Library/Developer/Xcode/DerivedData/SDKStatCaches.noindex/iphonesimulator18.0-22A3362-db63dc9361471f152f572502bdbfe70a.sdkstatcache -Xcc -I/Users/fabricioalvarenga/Library/Developer/Xcode/DerivedData/Hidroly-elzuktlznbzslaasjbjjtdthehri/Build/Intermediates.noindex/Hidroly.build/Debug-iphonesimulator/Hidroly.build/swift-overrides.hmap -Xcc -iquote -Xcc /Users/fabricioalvarenga/Library/Developer/Xcode/DerivedData/Hidroly-elzuktlznbzslaasjbjjtdthehri/Build/Intermediates.noindex/Hidroly.build/Debug-iphonesimulator/Hidroly.build/Hidroly-generated-files.hmap -Xcc -I/Users/fabricioalvarenga/Library/Developer/Xcode/DerivedData/Hidroly-elzuktlznbzslaasjbjjtdthehri/Build/Intermediates.noindex/Hidroly.build/Debug-iphonesimulator/Hidroly.build/Hidroly-own-target-headers.hmap -Xcc -I/Users/fabricioalvarenga/Library/Developer/Xcode/DerivedData/Hidroly-elzuktlznbzslaasjbjjtdthehri/Build/Intermediates.noindex/Hidroly.build/Debug-iphonesimulator/Hidroly.build/Hidroly-all-target-headers.hmap -Xcc -iquote -Xcc /Users/fabricioalvarenga/Library/Developer/Xcode/DerivedData/Hidroly-elzuktlznbzslaasjbjjtdthehri/Build/Intermediates.noindex/Hidroly.build/Debug-iphonesimulator/Hidroly.build/Hidroly-project-headers.hmap -Xcc -I/Users/fabricioalvarenga/Library/Developer/Xcode/DerivedData/Hidroly-elzuktlznbzslaasjbjjtdthehri/Build/Products/Debug-iphonesimulator/include -Xcc -I/Users/fabricioalvarenga/Library/Developer/Xcode/DerivedData/Hidroly-elzuktlznbzslaasjbjjtdthehri/Build/Intermediates.noindex/Hidroly.build/Debug-iphonesimulator/Hidroly.build/DerivedSources-normal/arm64 -Xcc -I/Users/fabricioalvarenga/Library/Developer/Xcode/DerivedData/Hidroly-elzuktlznbzslaasjbjjtdthehri/Build/Intermediates.noindex/Hidroly.build/Debug-iphonesimulator/Hidroly.build/DerivedSources/arm64 -Xcc -I/Users/fabricioalvarenga/Library/Developer/Xcode/DerivedData/Hidroly-elzuktlznbzslaasjbjjtdthehri/Build/Intermediates.noindex/Hidroly.build/Debug-iphonesimulator/Hidroly.build/DerivedSources -Xcc -DDEBUG\=1 -module-name Hidroly -frontend-parseable-output -disable-clang-spi -target-sdk-version 18.0 -target-sdk-name iphonesimulator18.0 -external-plugin-path /Applications/Xcode.app/Contents/Developer/Platforms/iPhoneOS.platform/Developer/usr/lib/swift/host/plugins\#/Applications/Xcode.app/Contents/Developer/Platforms/iPhoneOS.platform/Developer/usr/bin/swift-plugin-server -external-plugin-path /Applications/Xcode.app/Contents/Developer/Platforms/iPhoneOS.platform/Developer/usr/local/lib/swift/host/plugins\#/Applications/Xcode.app/Contents/Developer/Platforms/iPhoneOS.platform/Developer/usr/bin/swift-plugin-server -plugin-path /Applications/Xcode.app/Contents/Developer/Toolchains/XcodeDefault.xctoolchain/usr/lib/swift/host/plugins -plugin-path /Applications/Xcode.app/Contents/Developer/Toolchains/XcodeDefault.xctoolchain/usr/local/lib/swift/host/plugins -o /Users/fabricioalvarenga/Library/Developer/Xcode/DerivedData/Hidroly-elzuktlznbzslaasjbjjtdthehri/Build/Intermediates.noindex/Hidroly.build/Debug-iphonesimulator/Hidroly.build/Objects-normal/arm64/CustomTabBar.o -o /Users/fabricioalvarenga/Library/Developer/Xcode/DerivedData/Hidroly-elzuktlznbzslaasjbjjtdthehri/Build/Intermediates.noindex/Hidroly.build/Debug-iphonesimulator/Hidroly.build/Objects-normal/arm64/ActivityModel.o -index-unit-output-path /Hidroly.build/Debug-iphonesimulator/Hidroly.build/Objects-normal/arm64/CustomTabBar.o -index-unit-output-path /Hidroly.build/Debug-iphonesimulator/Hidroly.build/Objects-normal/arm64/ActivityModel.o -index-store-path /Users/fabricioalvarenga/Library/Developer/Xcode/DerivedData/Hidroly-elzuktlznbzslaasjbjjtdthehri/Index.noindex/DataStore -index-system-modules

SwiftCompile normal arm64 Compiling\ ClimateModel.swift /Users/fabricioalvarenga/Desktop/Developer/Hidroly/Hidroly/Models/ClimateModel.swift (in target 'Hidroly' from project 'Hidroly')
    cd /Users/fabricioalvarenga/Desktop/Developer/Hidroly
    builtin-swiftTaskExecution -- /Applications/Xcode.app/Contents/Developer/Toolchains/XcodeDefault.xctoolchain/usr/bin/swift-frontend -frontend -c /Users/fabricioalvarenga/Desktop/Developer/Hidroly/Hidroly/Components/CustomTabBar.swift /Users/fabricioalvarenga/Desktop/Developer/Hidroly/Hidroly/Models/ActivityModel.swift /Users/fabricioalvarenga/Desktop/Developer/Hidroly/Hidroly/Models/AgeModel.swift -primary-file /Users/fabricioalvarenga/Desktop/Developer/Hidroly/Hidroly/Models/ClimateModel.swift /Users/fabricioalvarenga/Desktop/Developer/Hidroly/Hidroly/Models/DietModel.swift /Users/fabricioalvarenga/Desktop/Developer/Hidroly/Hidroly/Models/GenderModel.swift /Users/fabricioalvarenga/Desktop/Developer/Hidroly/Hidroly/Models/TabModel.swift /Users/fabricioalvarenga/Desktop/Developer/Hidroly/Hidroly/Models/WeightModel.swift /Users/fabricioalvarenga/Desktop/Developer/Hidroly/Hidroly/Views/ContentView.swift /Users/fabricioalvarenga/Desktop/Developer/Hidroly/Hidroly/Views/HomeView.swift /Users/fabricioalvarenga/Desktop/Developer/Hidroly/Hidroly/HidrolyApp.swift /Users/fabricioalvarenga/Library/Developer/Xcode/DerivedData/Hidroly-elzuktlznbzslaasjbjjtdthehri/Build/Intermediates.noindex/Hidroly.build/Debug-iphonesimulator/Hidroly.build/DerivedSources/GeneratedAssetSymbols.swift -emit-dependencies-path /Users/fabricioalvarenga/Library/Developer/Xcode/DerivedData/Hidroly-elzuktlznbzslaasjbjjtdthehri/Build/Intermediates.noindex/Hidroly.build/Debug-iphonesimulator/Hidroly.build/Objects-normal/arm64/ClimateModel.d -emit-const-values-path /Users/fabricioalvarenga/Library/Developer/Xcode/DerivedData/Hidroly-elzuktlznbzslaasjbjjtdthehri/Build/Intermediates.noindex/Hidroly.build/Debug-iphonesimulator/Hidroly.build/Objects-normal/arm64/ClimateModel.swiftconstvalues -emit-reference-dependencies-path /Users/fabricioalvarenga/Library/Developer/Xcode/DerivedData/Hidroly-elzuktlznbzslaasjbjjtdthehri/Build/Intermediates.noindex/Hidroly.build/Debug-iphonesimulator/Hidroly.build/Objects-normal/arm64/ClimateModel.swiftdeps -serialize-diagnostics-path /Users/fabricioalvarenga/Library/Developer/Xcode/DerivedData/Hidroly-elzuktlznbzslaasjbjjtdthehri/Build/Intermediates.noindex/Hidroly.build/Debug-iphonesimulator/Hidroly.build/Objects-normal/arm64/ClimateModel.dia -emit-localized-strings -emit-localized-strings-path /Users/fabricioalvarenga/Library/Developer/Xcode/DerivedData/Hidroly-elzuktlznbzslaasjbjjtdthehri/Build/Intermediates.noindex/Hidroly.build/Debug-iphonesimulator/Hidroly.build/Objects-normal/arm64 -target arm64-apple-ios18.0-simulator -Xllvm -aarch64-use-tbi -enable-objc-interop -sdk /Applications/Xcode.app/Contents/Developer/Platforms/iPhoneSimulator.platform/Developer/SDKs/iPhoneSimulator18.0.sdk -I /Users/fabricioalvarenga/Library/Developer/Xcode/DerivedData/Hidroly-elzuktlznbzslaasjbjjtdthehri/Build/Products/Debug-iphonesimulator -F /Users/fabricioalvarenga/Library/Developer/Xcode/DerivedData/Hidroly-elzuktlznbzslaasjbjjtdthehri/Build/Products/Debug-iphonesimulator -no-color-diagnostics -enable-testing -g -debug-info-format\=dwarf -dwarf-version\=5 -module-cache-path /Users/fabricioalvarenga/Library/Developer/Xcode/DerivedData/ModuleCache.noindex -swift-version 5 -enforce-exclusivity\=checked -Onone -D DEBUG -serialize-debugging-options -const-gather-protocols-file /Users/fabricioalvarenga/Library/Developer/Xcode/DerivedData/Hidroly-elzuktlznbzslaasjbjjtdthehri/Build/Intermediates.noindex/Hidroly.build/Debug-iphonesimulator/Hidroly.build/Objects-normal/arm64/Hidroly_const_extract_protocols.json -enable-experimental-feature DebugDescriptionMacro -enable-experimental-feature OpaqueTypeErasure -enable-bare-slash-regex -empty-abi-descriptor -validate-clang-modules-once -clang-build-session-file /Users/fabricioalvarenga/Library/Developer/Xcode/DerivedData/ModuleCache.noindex/Session.modulevalidation -Xcc -working-directory -Xcc /Users/fabricioalvarenga/Desktop/Developer/Hidroly -resource-dir /Applications/Xcode.app/Contents/Developer/Toolchains/XcodeDefault.xctoolchain/usr/lib/swift -enable-anonymous-context-mangled-names -file-compilation-dir /Users/fabricioalvarenga/Desktop/Developer/Hidroly -Xcc -D_LIBCPP_HARDENING_MODE\=_LIBCPP_HARDENING_MODE_DEBUG -Xcc -ivfsstatcache -Xcc /Users/fabricioalvarenga/Library/Developer/Xcode/DerivedData/SDKStatCaches.noindex/iphonesimulator18.0-22A3362-db63dc9361471f152f572502bdbfe70a.sdkstatcache -Xcc -I/Users/fabricioalvarenga/Library/Developer/Xcode/DerivedData/Hidroly-elzuktlznbzslaasjbjjtdthehri/Build/Intermediates.noindex/Hidroly.build/Debug-iphonesimulator/Hidroly.build/swift-overrides.hmap -Xcc -iquote -Xcc /Users/fabricioalvarenga/Library/Developer/Xcode/DerivedData/Hidroly-elzuktlznbzslaasjbjjtdthehri/Build/Intermediates.noindex/Hidroly.build/Debug-iphonesimulator/Hidroly.build/Hidroly-generated-files.hmap -Xcc -I/Users/fabricioalvarenga/Library/Developer/Xcode/DerivedData/Hidroly-elzuktlznbzslaasjbjjtdthehri/Build/Intermediates.noindex/Hidroly.build/Debug-iphonesimulator/Hidroly.build/Hidroly-own-target-headers.hmap -Xcc -I/Users/fabricioalvarenga/Library/Developer/Xcode/DerivedData/Hidroly-elzuktlznbzslaasjbjjtdthehri/Build/Intermediates.noindex/Hidroly.build/Debug-iphonesimulator/Hidroly.build/Hidroly-all-target-headers.hmap -Xcc -iquote -Xcc /Users/fabricioalvarenga/Library/Developer/Xcode/DerivedData/Hidroly-elzuktlznbzslaasjbjjtdthehri/Build/Intermediates.noindex/Hidroly.build/Debug-iphonesimulator/Hidroly.build/Hidroly-project-headers.hmap -Xcc -I/Users/fabricioalvarenga/Library/Developer/Xcode/DerivedData/Hidroly-elzuktlznbzslaasjbjjtdthehri/Build/Products/Debug-iphonesimulator/include -Xcc -I/Users/fabricioalvarenga/Library/Developer/Xcode/DerivedData/Hidroly-elzuktlznbzslaasjbjjtdthehri/Build/Intermediates.noindex/Hidroly.build/Debug-iphonesimulator/Hidroly.build/DerivedSources-normal/arm64 -Xcc -I/Users/fabricioalvarenga/Library/Developer/Xcode/DerivedData/Hidroly-elzuktlznbzslaasjbjjtdthehri/Build/Intermediates.noindex/Hidroly.build/Debug-iphonesimulator/Hidroly.build/DerivedSources/arm64 -Xcc -I/Users/fabricioalvarenga/Library/Developer/Xcode/DerivedData/Hidroly-elzuktlznbzslaasjbjjtdthehri/Build/Intermediates.noindex/Hidroly.build/Debug-iphonesimulator/Hidroly.build/DerivedSources -Xcc -DDEBUG\=1 -module-name Hidroly -frontend-parseable-output -disable-clang-spi -target-sdk-version 18.0 -target-sdk-name iphonesimulator18.0 -external-plugin-path /Applications/Xcode.app/Contents/Developer/Platforms/iPhoneOS.platform/Developer/usr/lib/swift/host/plugins\#/Applications/Xcode.app/Contents/Developer/Platforms/iPhoneOS.platform/Developer/usr/bin/swift-plugin-server -external-plugin-path /Applications/Xcode.app/Contents/Developer/Platforms/iPhoneOS.platform/Developer/usr/local/lib/swift/host/plugins\#/Applications/Xcode.app/Contents/Developer/Platforms/iPhoneOS.platform/Developer/usr/bin/swift-plugin-server -plugin-path /Applications/Xcode.app/Contents/Developer/Toolchains/XcodeDefault.xctoolchain/usr/lib/swift/host/plugins -plugin-path /Applications/Xcode.app/Contents/Developer/Toolchains/XcodeDefault.xctoolchain/usr/local/lib/swift/host/plugins -o /Users/fabricioalvarenga/Library/Developer/Xcode/DerivedData/Hidroly-elzuktlznbzslaasjbjjtdthehri/Build/Intermediates.noindex/Hidroly.build/Debug-iphonesimulator/Hidroly.build/Objects-normal/arm64/ClimateModel.o -index-unit-output-path /Hidroly.build/Debug-iphonesimulator/Hidroly.build/Objects-normal/arm64/ClimateModel.o -index-store-path /Users/fabricioalvarenga/Library/Developer/Xcode/DerivedData/Hidroly-elzuktlznbzslaasjbjjtdthehri/Index.noindex/DataStore -index-system-modules

SwiftCompile normal arm64 /Users/fabricioalvarenga/Desktop/Developer/Hidroly/Hidroly/Models/ClimateModel.swift (in target 'Hidroly' from project 'Hidroly')
    cd /Users/fabricioalvarenga/Desktop/Developer/Hidroly
    /Applications/Xcode.app/Contents/Developer/Toolchains/XcodeDefault.xctoolchain/usr/bin/swift-frontend -c /Users/fabricioalvarenga/Desktop/Developer/Hidroly/Hidroly/Components/CustomTabBar.swift /Users/fabricioalvarenga/Desktop/Developer/Hidroly/Hidroly/Models/ActivityModel.swift /Users/fabricioalvarenga/Desktop/Developer/Hidroly/Hidroly/Models/AgeModel.swift -primary-file /Users/fabricioalvarenga/Desktop/Developer/Hidroly/Hidroly/Models/ClimateModel.swift /Users/fabricioalvarenga/Desktop/Developer/Hidroly/Hidroly/Models/DietModel.swift /Users/fabricioalvarenga/Desktop/Developer/Hidroly/Hidroly/Models/GenderModel.swift /Users/fabricioalvarenga/Desktop/Developer/Hidroly/Hidroly/Models/TabModel.swift /Users/fabricioalvarenga/Desktop/Developer/Hidroly/Hidroly/Models/WeightModel.swift /Users/fabricioalvarenga/Desktop/Developer/Hidroly/Hidroly/Views/ContentView.swift /Users/fabricioalvarenga/Desktop/Developer/Hidroly/Hidroly/Views/HomeView.swift /Users/fabricioalvarenga/Desktop/Developer/Hidroly/Hidroly/HidrolyApp.swift /Users/fabricioalvarenga/Library/Developer/Xcode/DerivedData/Hidroly-elzuktlznbzslaasjbjjtdthehri/Build/Intermediates.noindex/Hidroly.build/Debug-iphonesimulator/Hidroly.build/DerivedSources/GeneratedAssetSymbols.swift -emit-dependencies-path /Users/fabricioalvarenga/Library/Developer/Xcode/DerivedData/Hidroly-elzuktlznbzslaasjbjjtdthehri/Build/Intermediates.noindex/Hidroly.build/Debug-iphonesimulator/Hidroly.build/Objects-normal/arm64/ClimateModel.d -emit-const-values-path /Users/fabricioalvarenga/Library/Developer/Xcode/DerivedData/Hidroly-elzuktlznbzslaasjbjjtdthehri/Build/Intermediates.noindex/Hidroly.build/Debug-iphonesimulator/Hidroly.build/Objects-normal/arm64/ClimateModel.swiftconstvalues -emit-reference-dependencies-path /Users/fabricioalvarenga/Library/Developer/Xcode/DerivedData/Hidroly-elzuktlznbzslaasjbjjtdthehri/Build/Intermediates.noindex/Hidroly.build/Debug-iphonesimulator/Hidroly.build/Objects-normal/arm64/ClimateModel.swiftdeps -serialize-diagnostics-path /Users/fabricioalvarenga/Library/Developer/Xcode/DerivedData/Hidroly-elzuktlznbzslaasjbjjtdthehri/Build/Intermediates.noindex/Hidroly.build/Debug-iphonesimulator/Hidroly.build/Objects-normal/arm64/ClimateModel.dia -emit-localized-strings -emit-localized-strings-path /Users/fabricioalvarenga/Library/Developer/Xcode/DerivedData/Hidroly-elzuktlznbzslaasjbjjtdthehri/Build/Intermediates.noindex/Hidroly.build/Debug-iphonesimulator/Hidroly.build/Objects-normal/arm64 -target arm64-apple-ios18.0-simulator -Xllvm -aarch64-use-tbi -enable-objc-interop -sdk /Applications/Xcode.app/Contents/Developer/Platforms/iPhoneSimulator.platform/Developer/SDKs/iPhoneSimulator18.0.sdk -I /Users/fabricioalvarenga/Library/Developer/Xcode/DerivedData/Hidroly-elzuktlznbzslaasjbjjtdthehri/Build/Products/Debug-iphonesimulator -F /Users/fabricioalvarenga/Library/Developer/Xcode/DerivedData/Hidroly-elzuktlznbzslaasjbjjtdthehri/Build/Products/Debug-iphonesimulator -no-color-diagnostics -enable-testing -g -debug-info-format\=dwarf -dwarf-version\=5 -module-cache-path /Users/fabricioalvarenga/Library/Developer/Xcode/DerivedData/ModuleCache.noindex -swift-version 5 -enforce-exclusivity\=checked -Onone -D DEBUG -serialize-debugging-options -const-gather-protocols-file /Users/fabricioalvarenga/Library/Developer/Xcode/DerivedData/Hidroly-elzuktlznbzslaasjbjjtdthehri/Build/Intermediates.noindex/Hidroly.build/Debug-iphonesimulator/Hidroly.build/Objects-normal/arm64/Hidroly_const_extract_protocols.json -enable-experimental-feature DebugDescriptionMacro -enable-experimental-feature OpaqueTypeErasure -enable-bare-slash-regex -empty-abi-descriptor -validate-clang-modules-once -clang-build-session-file /Users/fabricioalvarenga/Library/Developer/Xcode/DerivedData/ModuleCache.noindex/Session.modulevalidation -Xcc -working-directory -Xcc /Users/fabricioalvarenga/Desktop/Developer/Hidroly -resource-dir /Applications/Xcode.app/Contents/Developer/Toolchains/XcodeDefault.xctoolchain/usr/lib/swift -enable-anonymous-context-mangled-names -file-compilation-dir /Users/fabricioalvarenga/Desktop/Developer/Hidroly -Xcc -D_LIBCPP_HARDENING_MODE\=_LIBCPP_HARDENING_MODE_DEBUG -Xcc -ivfsstatcache -Xcc /Users/fabricioalvarenga/Library/Developer/Xcode/DerivedData/SDKStatCaches.noindex/iphonesimulator18.0-22A3362-db63dc9361471f152f572502bdbfe70a.sdkstatcache -Xcc -I/Users/fabricioalvarenga/Library/Developer/Xcode/DerivedData/Hidroly-elzuktlznbzslaasjbjjtdthehri/Build/Intermediates.noindex/Hidroly.build/Debug-iphonesimulator/Hidroly.build/swift-overrides.hmap -Xcc -iquote -Xcc /Users/fabricioalvarenga/Library/Developer/Xcode/DerivedData/Hidroly-elzuktlznbzslaasjbjjtdthehri/Build/Intermediates.noindex/Hidroly.build/Debug-iphonesimulator/Hidroly.build/Hidroly-generated-files.hmap -Xcc -I/Users/fabricioalvarenga/Library/Developer/Xcode/DerivedData/Hidroly-elzuktlznbzslaasjbjjtdthehri/Build/Intermediates.noindex/Hidroly.build/Debug-iphonesimulator/Hidroly.build/Hidroly-own-target-headers.hmap -Xcc -I/Users/fabricioalvarenga/Library/Developer/Xcode/DerivedData/Hidroly-elzuktlznbzslaasjbjjtdthehri/Build/Intermediates.noindex/Hidroly.build/Debug-iphonesimulator/Hidroly.build/Hidroly-all-target-headers.hmap -Xcc -iquote -Xcc /Users/fabricioalvarenga/Library/Developer/Xcode/DerivedData/Hidroly-elzuktlznbzslaasjbjjtdthehri/Build/Intermediates.noindex/Hidroly.build/Debug-iphonesimulator/Hidroly.build/Hidroly-project-headers.hmap -Xcc -I/Users/fabricioalvarenga/Library/Developer/Xcode/DerivedData/Hidroly-elzuktlznbzslaasjbjjtdthehri/Build/Products/Debug-iphonesimulator/include -Xcc -I/Users/fabricioalvarenga/Library/Developer/Xcode/DerivedData/Hidroly-elzuktlznbzslaasjbjjtdthehri/Build/Intermediates.noindex/Hidroly.build/Debug-iphonesimulator/Hidroly.build/DerivedSources-normal/arm64 -Xcc -I/Users/fabricioalvarenga/Library/Developer/Xcode/DerivedData/Hidroly-elzuktlznbzslaasjbjjtdthehri/Build/Intermediates.noindex/Hidroly.build/Debug-iphonesimulator/Hidroly.build/DerivedSources/arm64 -Xcc -I/Users/fabricioalvarenga/Library/Developer/Xcode/DerivedData/Hidroly-elzuktlznbzslaasjbjjtdthehri/Build/Intermediates.noindex/Hidroly.build/Debug-iphonesimulator/Hidroly.build/DerivedSources -Xcc -DDEBUG\=1 -module-name Hidroly -frontend-parseable-output -disable-clang-spi -target-sdk-version 18.0 -target-sdk-name iphonesimulator18.0 -external-plugin-path /Applications/Xcode.app/Contents/Developer/Platforms/iPhoneOS.platform/Developer/usr/lib/swift/host/plugins\#/Applications/Xcode.app/Contents/Developer/Platforms/iPhoneOS.platform/Developer/usr/bin/swift-plugin-server -external-plugin-path /Applications/Xcode.app/Contents/Developer/Platforms/iPhoneOS.platform/Developer/usr/local/lib/swift/host/plugins\#/Applications/Xcode.app/Contents/Developer/Platforms/iPhoneOS.platform/Developer/usr/bin/swift-plugin-server -plugin-path /Applications/Xcode.app/Contents/Developer/Toolchains/XcodeDefault.xctoolchain/usr/lib/swift/host/plugins -plugin-path /Applications/Xcode.app/Contents/Developer/Toolchains/XcodeDefault.xctoolchain/usr/local/lib/swift/host/plugins -o /Users/fabricioalvarenga/Library/Developer/Xcode/DerivedData/Hidroly-elzuktlznbzslaasjbjjtdthehri/Build/Intermediates.noindex/Hidroly.build/Debug-iphonesimulator/Hidroly.build/Objects-normal/arm64/ClimateModel.o -index-unit-output-path /Hidroly.build/Debug-iphonesimulator/Hidroly.build/Objects-normal/arm64/ClimateModel.o -index-store-path /Users/fabricioalvarenga/Library/Developer/Xcode/DerivedData/Hidroly-elzuktlznbzslaasjbjjtdthehri/Index.noindex/DataStore -index-system-modules

SwiftCompile normal arm64 Compiling\ AgeModel.swift /Users/fabricioalvarenga/Desktop/Developer/Hidroly/Hidroly/Models/AgeModel.swift (in target 'Hidroly' from project 'Hidroly')
    cd /Users/fabricioalvarenga/Desktop/Developer/Hidroly
    builtin-swiftTaskExecution -- /Applications/Xcode.app/Contents/Developer/Toolchains/XcodeDefault.xctoolchain/usr/bin/swift-frontend -frontend -c /Users/fabricioalvarenga/Desktop/Developer/Hidroly/Hidroly/Components/CustomTabBar.swift /Users/fabricioalvarenga/Desktop/Developer/Hidroly/Hidroly/Models/ActivityModel.swift -primary-file /Users/fabricioalvarenga/Desktop/Developer/Hidroly/Hidroly/Models/AgeModel.swift /Users/fabricioalvarenga/Desktop/Developer/Hidroly/Hidroly/Models/ClimateModel.swift /Users/fabricioalvarenga/Desktop/Developer/Hidroly/Hidroly/Models/DietModel.swift /Users/fabricioalvarenga/Desktop/Developer/Hidroly/Hidroly/Models/GenderModel.swift /Users/fabricioalvarenga/Desktop/Developer/Hidroly/Hidroly/Models/TabModel.swift /Users/fabricioalvarenga/Desktop/Developer/Hidroly/Hidroly/Models/WeightModel.swift /Users/fabricioalvarenga/Desktop/Developer/Hidroly/Hidroly/Views/ContentView.swift /Users/fabricioalvarenga/Desktop/Developer/Hidroly/Hidroly/Views/HomeView.swift /Users/fabricioalvarenga/Desktop/Developer/Hidroly/Hidroly/HidrolyApp.swift /Users/fabricioalvarenga/Library/Developer/Xcode/DerivedData/Hidroly-elzuktlznbzslaasjbjjtdthehri/Build/Intermediates.noindex/Hidroly.build/Debug-iphonesimulator/Hidroly.build/DerivedSources/GeneratedAssetSymbols.swift -emit-dependencies-path /Users/fabricioalvarenga/Library/Developer/Xcode/DerivedData/Hidroly-elzuktlznbzslaasjbjjtdthehri/Build/Intermediates.noindex/Hidroly.build/Debug-iphonesimulator/Hidroly.build/Objects-normal/arm64/AgeModel.d -emit-const-values-path /Users/fabricioalvarenga/Library/Developer/Xcode/DerivedData/Hidroly-elzuktlznbzslaasjbjjtdthehri/Build/Intermediates.noindex/Hidroly.build/Debug-iphonesimulator/Hidroly.build/Objects-normal/arm64/AgeModel.swiftconstvalues -emit-reference-dependencies-path /Users/fabricioalvarenga/Library/Developer/Xcode/DerivedData/Hidroly-elzuktlznbzslaasjbjjtdthehri/Build/Intermediates.noindex/Hidroly.build/Debug-iphonesimulator/Hidroly.build/Objects-normal/arm64/AgeModel.swiftdeps -serialize-diagnostics-path /Users/fabricioalvarenga/Library/Developer/Xcode/DerivedData/Hidroly-elzuktlznbzslaasjbjjtdthehri/Build/Intermediates.noindex/Hidroly.build/Debug-iphonesimulator/Hidroly.build/Objects-normal/arm64/AgeModel.dia -emit-localized-strings -emit-localized-strings-path /Users/fabricioalvarenga/Library/Developer/Xcode/DerivedData/Hidroly-elzuktlznbzslaasjbjjtdthehri/Build/Intermediates.noindex/Hidroly.build/Debug-iphonesimulator/Hidroly.build/Objects-normal/arm64 -target arm64-apple-ios18.0-simulator -Xllvm -aarch64-use-tbi -enable-objc-interop -sdk /Applications/Xcode.app/Contents/Developer/Platforms/iPhoneSimulator.platform/Developer/SDKs/iPhoneSimulator18.0.sdk -I /Users/fabricioalvarenga/Library/Developer/Xcode/DerivedData/Hidroly-elzuktlznbzslaasjbjjtdthehri/Build/Products/Debug-iphonesimulator -F /Users/fabricioalvarenga/Library/Developer/Xcode/DerivedData/Hidroly-elzuktlznbzslaasjbjjtdthehri/Build/Products/Debug-iphonesimulator -no-color-diagnostics -enable-testing -g -debug-info-format\=dwarf -dwarf-version\=5 -module-cache-path /Users/fabricioalvarenga/Library/Developer/Xcode/DerivedData/ModuleCache.noindex -swift-version 5 -enforce-exclusivity\=checked -Onone -D DEBUG -serialize-debugging-options -const-gather-protocols-file /Users/fabricioalvarenga/Library/Developer/Xcode/DerivedData/Hidroly-elzuktlznbzslaasjbjjtdthehri/Build/Intermediates.noindex/Hidroly.build/Debug-iphonesimulator/Hidroly.build/Objects-normal/arm64/Hidroly_const_extract_protocols.json -enable-experimental-feature DebugDescriptionMacro -enable-experimental-feature OpaqueTypeErasure -enable-bare-slash-regex -empty-abi-descriptor -validate-clang-modules-once -clang-build-session-file /Users/fabricioalvarenga/Library/Developer/Xcode/DerivedData/ModuleCache.noindex/Session.modulevalidation -Xcc -working-directory -Xcc /Users/fabricioalvarenga/Desktop/Developer/Hidroly -resource-dir /Applications/Xcode.app/Contents/Developer/Toolchains/XcodeDefault.xctoolchain/usr/lib/swift -enable-anonymous-context-mangled-names -file-compilation-dir /Users/fabricioalvarenga/Desktop/Developer/Hidroly -Xcc -D_LIBCPP_HARDENING_MODE\=_LIBCPP_HARDENING_MODE_DEBUG -Xcc -ivfsstatcache -Xcc /Users/fabricioalvarenga/Library/Developer/Xcode/DerivedData/SDKStatCaches.noindex/iphonesimulator18.0-22A3362-db63dc9361471f152f572502bdbfe70a.sdkstatcache -Xcc -I/Users/fabricioalvarenga/Library/Developer/Xcode/DerivedData/Hidroly-elzuktlznbzslaasjbjjtdthehri/Build/Intermediates.noindex/Hidroly.build/Debug-iphonesimulator/Hidroly.build/swift-overrides.hmap -Xcc -iquote -Xcc /Users/fabricioalvarenga/Library/Developer/Xcode/DerivedData/Hidroly-elzuktlznbzslaasjbjjtdthehri/Build/Intermediates.noindex/Hidroly.build/Debug-iphonesimulator/Hidroly.build/Hidroly-generated-files.hmap -Xcc -I/Users/fabricioalvarenga/Library/Developer/Xcode/DerivedData/Hidroly-elzuktlznbzslaasjbjjtdthehri/Build/Intermediates.noindex/Hidroly.build/Debug-iphonesimulator/Hidroly.build/Hidroly-own-target-headers.hmap -Xcc -I/Users/fabricioalvarenga/Library/Developer/Xcode/DerivedData/Hidroly-elzuktlznbzslaasjbjjtdthehri/Build/Intermediates.noindex/Hidroly.build/Debug-iphonesimulator/Hidroly.build/Hidroly-all-target-headers.hmap -Xcc -iquote -Xcc /Users/fabricioalvarenga/Library/Developer/Xcode/DerivedData/Hidroly-elzuktlznbzslaasjbjjtdthehri/Build/Intermediates.noindex/Hidroly.build/Debug-iphonesimulator/Hidroly.build/Hidroly-project-headers.hmap -Xcc -I/Users/fabricioalvarenga/Library/Developer/Xcode/DerivedData/Hidroly-elzuktlznbzslaasjbjjtdthehri/Build/Products/Debug-iphonesimulator/include -Xcc -I/Users/fabricioalvarenga/Library/Developer/Xcode/DerivedData/Hidroly-elzuktlznbzslaasjbjjtdthehri/Build/Intermediates.noindex/Hidroly.build/Debug-iphonesimulator/Hidroly.build/DerivedSources-normal/arm64 -Xcc -I/Users/fabricioalvarenga/Library/Developer/Xcode/DerivedData/Hidroly-elzuktlznbzslaasjbjjtdthehri/Build/Intermediates.noindex/Hidroly.build/Debug-iphonesimulator/Hidroly.build/DerivedSources/arm64 -Xcc -I/Users/fabricioalvarenga/Library/Developer/Xcode/DerivedData/Hidroly-elzuktlznbzslaasjbjjtdthehri/Build/Intermediates.noindex/Hidroly.build/Debug-iphonesimulator/Hidroly.build/DerivedSources -Xcc -DDEBUG\=1 -module-name Hidroly -frontend-parseable-output -disable-clang-spi -target-sdk-version 18.0 -target-sdk-name iphonesimulator18.0 -external-plugin-path /Applications/Xcode.app/Contents/Developer/Platforms/iPhoneOS.platform/Developer/usr/lib/swift/host/plugins\#/Applications/Xcode.app/Contents/Developer/Platforms/iPhoneOS.platform/Developer/usr/bin/swift-plugin-server -external-plugin-path /Applications/Xcode.app/Contents/Developer/Platforms/iPhoneOS.platform/Developer/usr/local/lib/swift/host/plugins\#/Applications/Xcode.app/Contents/Developer/Platforms/iPhoneOS.platform/Developer/usr/bin/swift-plugin-server -plugin-path /Applications/Xcode.app/Contents/Developer/Toolchains/XcodeDefault.xctoolchain/usr/lib/swift/host/plugins -plugin-path /Applications/Xcode.app/Contents/Developer/Toolchains/XcodeDefault.xctoolchain/usr/local/lib/swift/host/plugins -o /Users/fabricioalvarenga/Library/Developer/Xcode/DerivedData/Hidroly-elzuktlznbzslaasjbjjtdthehri/Build/Intermediates.noindex/Hidroly.build/Debug-iphonesimulator/Hidroly.build/Objects-normal/arm64/AgeModel.o -index-unit-output-path /Hidroly.build/Debug-iphonesimulator/Hidroly.build/Objects-normal/arm64/AgeModel.o -index-store-path /Users/fabricioalvarenga/Library/Developer/Xcode/DerivedData/Hidroly-elzuktlznbzslaasjbjjtdthehri/Index.noindex/DataStore -index-system-modules

SwiftCompile normal arm64 /Users/fabricioalvarenga/Desktop/Developer/Hidroly/Hidroly/Models/AgeModel.swift (in target 'Hidroly' from project 'Hidroly')
    cd /Users/fabricioalvarenga/Desktop/Developer/Hidroly
    /Applications/Xcode.app/Contents/Developer/Toolchains/XcodeDefault.xctoolchain/usr/bin/swift-frontend -c /Users/fabricioalvarenga/Desktop/Developer/Hidroly/Hidroly/Components/CustomTabBar.swift /Users/fabricioalvarenga/Desktop/Developer/Hidroly/Hidroly/Models/ActivityModel.swift -primary-file /Users/fabricioalvarenga/Desktop/Developer/Hidroly/Hidroly/Models/AgeModel.swift /Users/fabricioalvarenga/Desktop/Developer/Hidroly/Hidroly/Models/ClimateModel.swift /Users/fabricioalvarenga/Desktop/Developer/Hidroly/Hidroly/Models/DietModel.swift /Users/fabricioalvarenga/Desktop/Developer/Hidroly/Hidroly/Models/GenderModel.swift /Users/fabricioalvarenga/Desktop/Developer/Hidroly/Hidroly/Models/TabModel.swift /Users/fabricioalvarenga/Desktop/Developer/Hidroly/Hidroly/Models/WeightModel.swift /Users/fabricioalvarenga/Desktop/Developer/Hidroly/Hidroly/Views/ContentView.swift /Users/fabricioalvarenga/Desktop/Developer/Hidroly/Hidroly/Views/HomeView.swift /Users/fabricioalvarenga/Desktop/Developer/Hidroly/Hidroly/HidrolyApp.swift /Users/fabricioalvarenga/Library/Developer/Xcode/DerivedData/Hidroly-elzuktlznbzslaasjbjjtdthehri/Build/Intermediates.noindex/Hidroly.build/Debug-iphonesimulator/Hidroly.build/DerivedSources/GeneratedAssetSymbols.swift -emit-dependencies-path /Users/fabricioalvarenga/Library/Developer/Xcode/DerivedData/Hidroly-elzuktlznbzslaasjbjjtdthehri/Build/Intermediates.noindex/Hidroly.build/Debug-iphonesimulator/Hidroly.build/Objects-normal/arm64/AgeModel.d -emit-const-values-path /Users/fabricioalvarenga/Library/Developer/Xcode/DerivedData/Hidroly-elzuktlznbzslaasjbjjtdthehri/Build/Intermediates.noindex/Hidroly.build/Debug-iphonesimulator/Hidroly.build/Objects-normal/arm64/AgeModel.swiftconstvalues -emit-reference-dependencies-path /Users/fabricioalvarenga/Library/Developer/Xcode/DerivedData/Hidroly-elzuktlznbzslaasjbjjtdthehri/Build/Intermediates.noindex/Hidroly.build/Debug-iphonesimulator/Hidroly.build/Objects-normal/arm64/AgeModel.swiftdeps -serialize-diagnostics-path /Users/fabricioalvarenga/Library/Developer/Xcode/DerivedData/Hidroly-elzuktlznbzslaasjbjjtdthehri/Build/Intermediates.noindex/Hidroly.build/Debug-iphonesimulator/Hidroly.build/Objects-normal/arm64/AgeModel.dia -emit-localized-strings -emit-localized-strings-path /Users/fabricioalvarenga/Library/Developer/Xcode/DerivedData/Hidroly-elzuktlznbzslaasjbjjtdthehri/Build/Intermediates.noindex/Hidroly.build/Debug-iphonesimulator/Hidroly.build/Objects-normal/arm64 -target arm64-apple-ios18.0-simulator -Xllvm -aarch64-use-tbi -enable-objc-interop -sdk /Applications/Xcode.app/Contents/Developer/Platforms/iPhoneSimulator.platform/Developer/SDKs/iPhoneSimulator18.0.sdk -I /Users/fabricioalvarenga/Library/Developer/Xcode/DerivedData/Hidroly-elzuktlznbzslaasjbjjtdthehri/Build/Products/Debug-iphonesimulator -F /Users/fabricioalvarenga/Library/Developer/Xcode/DerivedData/Hidroly-elzuktlznbzslaasjbjjtdthehri/Build/Products/Debug-iphonesimulator -no-color-diagnostics -enable-testing -g -debug-info-format\=dwarf -dwarf-version\=5 -module-cache-path /Users/fabricioalvarenga/Library/Developer/Xcode/DerivedData/ModuleCache.noindex -swift-version 5 -enforce-exclusivity\=checked -Onone -D DEBUG -serialize-debugging-options -const-gather-protocols-file /Users/fabricioalvarenga/Library/Developer/Xcode/DerivedData/Hidroly-elzuktlznbzslaasjbjjtdthehri/Build/Intermediates.noindex/Hidroly.build/Debug-iphonesimulator/Hidroly.build/Objects-normal/arm64/Hidroly_const_extract_protocols.json -enable-experimental-feature DebugDescriptionMacro -enable-experimental-feature OpaqueTypeErasure -enable-bare-slash-regex -empty-abi-descriptor -validate-clang-modules-once -clang-build-session-file /Users/fabricioalvarenga/Library/Developer/Xcode/DerivedData/ModuleCache.noindex/Session.modulevalidation -Xcc -working-directory -Xcc /Users/fabricioalvarenga/Desktop/Developer/Hidroly -resource-dir /Applications/Xcode.app/Contents/Developer/Toolchains/XcodeDefault.xctoolchain/usr/lib/swift -enable-anonymous-context-mangled-names -file-compilation-dir /Users/fabricioalvarenga/Desktop/Developer/Hidroly -Xcc -D_LIBCPP_HARDENING_MODE\=_LIBCPP_HARDENING_MODE_DEBUG -Xcc -ivfsstatcache -Xcc /Users/fabricioalvarenga/Library/Developer/Xcode/DerivedData/SDKStatCaches.noindex/iphonesimulator18.0-22A3362-db63dc9361471f152f572502bdbfe70a.sdkstatcache -Xcc -I/Users/fabricioalvarenga/Library/Developer/Xcode/DerivedData/Hidroly-elzuktlznbzslaasjbjjtdthehri/Build/Intermediates.noindex/Hidroly.build/Debug-iphonesimulator/Hidroly.build/swift-overrides.hmap -Xcc -iquote -Xcc /Users/fabricioalvarenga/Library/Developer/Xcode/DerivedData/Hidroly-elzuktlznbzslaasjbjjtdthehri/Build/Intermediates.noindex/Hidroly.build/Debug-iphonesimulator/Hidroly.build/Hidroly-generated-files.hmap -Xcc -I/Users/fabricioalvarenga/Library/Developer/Xcode/DerivedData/Hidroly-elzuktlznbzslaasjbjjtdthehri/Build/Intermediates.noindex/Hidroly.build/Debug-iphonesimulator/Hidroly.build/Hidroly-own-target-headers.hmap -Xcc -I/Users/fabricioalvarenga/Library/Developer/Xcode/DerivedData/Hidroly-elzuktlznbzslaasjbjjtdthehri/Build/Intermediates.noindex/Hidroly.build/Debug-iphonesimulator/Hidroly.build/Hidroly-all-target-headers.hmap -Xcc -iquote -Xcc /Users/fabricioalvarenga/Library/Developer/Xcode/DerivedData/Hidroly-elzuktlznbzslaasjbjjtdthehri/Build/Intermediates.noindex/Hidroly.build/Debug-iphonesimulator/Hidroly.build/Hidroly-project-headers.hmap -Xcc -I/Users/fabricioalvarenga/Library/Developer/Xcode/DerivedData/Hidroly-elzuktlznbzslaasjbjjtdthehri/Build/Products/Debug-iphonesimulator/include -Xcc -I/Users/fabricioalvarenga/Library/Developer/Xcode/DerivedData/Hidroly-elzuktlznbzslaasjbjjtdthehri/Build/Intermediates.noindex/Hidroly.build/Debug-iphonesimulator/Hidroly.build/DerivedSources-normal/arm64 -Xcc -I/Users/fabricioalvarenga/Library/Developer/Xcode/DerivedData/Hidroly-elzuktlznbzslaasjbjjtdthehri/Build/Intermediates.noindex/Hidroly.build/Debug-iphonesimulator/Hidroly.build/DerivedSources/arm64 -Xcc -I/Users/fabricioalvarenga/Library/Developer/Xcode/DerivedData/Hidroly-elzuktlznbzslaasjbjjtdthehri/Build/Intermediates.noindex/Hidroly.build/Debug-iphonesimulator/Hidroly.build/DerivedSources -Xcc -DDEBUG\=1 -module-name Hidroly -frontend-parseable-output -disable-clang-spi -target-sdk-version 18.0 -target-sdk-name iphonesimulator18.0 -external-plugin-path /Applications/Xcode.app/Contents/Developer/Platforms/iPhoneOS.platform/Developer/usr/lib/swift/host/plugins\#/Applications/Xcode.app/Contents/Developer/Platforms/iPhoneOS.platform/Developer/usr/bin/swift-plugin-server -external-plugin-path /Applications/Xcode.app/Contents/Developer/Platforms/iPhoneOS.platform/Developer/usr/local/lib/swift/host/plugins\#/Applications/Xcode.app/Contents/Developer/Platforms/iPhoneOS.platform/Developer/usr/bin/swift-plugin-server -plugin-path /Applications/Xcode.app/Contents/Developer/Toolchains/XcodeDefault.xctoolchain/usr/lib/swift/host/plugins -plugin-path /Applications/Xcode.app/Contents/Developer/Toolchains/XcodeDefault.xctoolchain/usr/local/lib/swift/host/plugins -o /Users/fabricioalvarenga/Library/Developer/Xcode/DerivedData/Hidroly-elzuktlznbzslaasjbjjtdthehri/Build/Intermediates.noindex/Hidroly.build/Debug-iphonesimulator/Hidroly.build/Objects-normal/arm64/AgeModel.o -index-unit-output-path /Hidroly.build/Debug-iphonesimulator/Hidroly.build/Objects-normal/arm64/AgeModel.o -index-store-path /Users/fabricioalvarenga/Library/Developer/Xcode/DerivedData/Hidroly-elzuktlznbzslaasjbjjtdthehri/Index.noindex/DataStore -index-system-modules

SwiftCompile normal arm64 Compiling\ HidrolyApp.swift /Users/fabricioalvarenga/Desktop/Developer/Hidroly/Hidroly/HidrolyApp.swift (in target 'Hidroly' from project 'Hidroly')
    cd /Users/fabricioalvarenga/Desktop/Developer/Hidroly
    builtin-swiftTaskExecution -- /Applications/Xcode.app/Contents/Developer/Toolchains/XcodeDefault.xctoolchain/usr/bin/swift-frontend -frontend -c /Users/fabricioalvarenga/Desktop/Developer/Hidroly/Hidroly/Components/CustomTabBar.swift /Users/fabricioalvarenga/Desktop/Developer/Hidroly/Hidroly/Models/ActivityModel.swift /Users/fabricioalvarenga/Desktop/Developer/Hidroly/Hidroly/Models/AgeModel.swift /Users/fabricioalvarenga/Desktop/Developer/Hidroly/Hidroly/Models/ClimateModel.swift /Users/fabricioalvarenga/Desktop/Developer/Hidroly/Hidroly/Models/DietModel.swift /Users/fabricioalvarenga/Desktop/Developer/Hidroly/Hidroly/Models/GenderModel.swift /Users/fabricioalvarenga/Desktop/Developer/Hidroly/Hidroly/Models/TabModel.swift /Users/fabricioalvarenga/Desktop/Developer/Hidroly/Hidroly/Models/WeightModel.swift /Users/fabricioalvarenga/Desktop/Developer/Hidroly/Hidroly/Views/ContentView.swift /Users/fabricioalvarenga/Desktop/Developer/Hidroly/Hidroly/Views/HomeView.swift -primary-file /Users/fabricioalvarenga/Desktop/Developer/Hidroly/Hidroly/HidrolyApp.swift /Users/fabricioalvarenga/Library/Developer/Xcode/DerivedData/Hidroly-elzuktlznbzslaasjbjjtdthehri/Build/Intermediates.noindex/Hidroly.build/Debug-iphonesimulator/Hidroly.build/DerivedSources/GeneratedAssetSymbols.swift -emit-dependencies-path /Users/fabricioalvarenga/Library/Developer/Xcode/DerivedData/Hidroly-elzuktlznbzslaasjbjjtdthehri/Build/Intermediates.noindex/Hidroly.build/Debug-iphonesimulator/Hidroly.build/Objects-normal/arm64/HidrolyApp.d -emit-const-values-path /Users/fabricioalvarenga/Library/Developer/Xcode/DerivedData/Hidroly-elzuktlznbzslaasjbjjtdthehri/Build/Intermediates.noindex/Hidroly.build/Debug-iphonesimulator/Hidroly.build/Objects-normal/arm64/HidrolyApp.swiftconstvalues -emit-reference-dependencies-path /Users/fabricioalvarenga/Library/Developer/Xcode/DerivedData/Hidroly-elzuktlznbzslaasjbjjtdthehri/Build/Intermediates.noindex/Hidroly.build/Debug-iphonesimulator/Hidroly.build/Objects-normal/arm64/HidrolyApp.swiftdeps -serialize-diagnostics-path /Users/fabricioalvarenga/Library/Developer/Xcode/DerivedData/Hidroly-elzuktlznbzslaasjbjjtdthehri/Build/Intermediates.noindex/Hidroly.build/Debug-iphonesimulator/Hidroly.build/Objects-normal/arm64/HidrolyApp.dia -emit-localized-strings -emit-localized-strings-path /Users/fabricioalvarenga/Library/Developer/Xcode/DerivedData/Hidroly-elzuktlznbzslaasjbjjtdthehri/Build/Intermediates.noindex/Hidroly.build/Debug-iphonesimulator/Hidroly.build/Objects-normal/arm64 -target arm64-apple-ios18.0-simulator -Xllvm -aarch64-use-tbi -enable-objc-interop -sdk /Applications/Xcode.app/Contents/Developer/Platforms/iPhoneSimulator.platform/Developer/SDKs/iPhoneSimulator18.0.sdk -I /Users/fabricioalvarenga/Library/Developer/Xcode/DerivedData/Hidroly-elzuktlznbzslaasjbjjtdthehri/Build/Products/Debug-iphonesimulator -F /Users/fabricioalvarenga/Library/Developer/Xcode/DerivedData/Hidroly-elzuktlznbzslaasjbjjtdthehri/Build/Products/Debug-iphonesimulator -no-color-diagnostics -enable-testing -g -debug-info-format\=dwarf -dwarf-version\=5 -module-cache-path /Users/fabricioalvarenga/Library/Developer/Xcode/DerivedData/ModuleCache.noindex -swift-version 5 -enforce-exclusivity\=checked -Onone -D DEBUG -serialize-debugging-options -const-gather-protocols-file /Users/fabricioalvarenga/Library/Developer/Xcode/DerivedData/Hidroly-elzuktlznbzslaasjbjjtdthehri/Build/Intermediates.noindex/Hidroly.build/Debug-iphonesimulator/Hidroly.build/Objects-normal/arm64/Hidroly_const_extract_protocols.json -enable-experimental-feature DebugDescriptionMacro -enable-experimental-feature OpaqueTypeErasure -enable-bare-slash-regex -empty-abi-descriptor -validate-clang-modules-once -clang-build-session-file /Users/fabricioalvarenga/Library/Developer/Xcode/DerivedData/ModuleCache.noindex/Session.modulevalidation -Xcc -working-directory -Xcc /Users/fabricioalvarenga/Desktop/Developer/Hidroly -resource-dir /Applications/Xcode.app/Contents/Developer/Toolchains/XcodeDefault.xctoolchain/usr/lib/swift -enable-anonymous-context-mangled-names -file-compilation-dir /Users/fabricioalvarenga/Desktop/Developer/Hidroly -Xcc -D_LIBCPP_HARDENING_MODE\=_LIBCPP_HARDENING_MODE_DEBUG -Xcc -ivfsstatcache -Xcc /Users/fabricioalvarenga/Library/Developer/Xcode/DerivedData/SDKStatCaches.noindex/iphonesimulator18.0-22A3362-db63dc9361471f152f572502bdbfe70a.sdkstatcache -Xcc -I/Users/fabricioalvarenga/Library/Developer/Xcode/DerivedData/Hidroly-elzuktlznbzslaasjbjjtdthehri/Build/Intermediates.noindex/Hidroly.build/Debug-iphonesimulator/Hidroly.build/swift-overrides.hmap -Xcc -iquote -Xcc /Users/fabricioalvarenga/Library/Developer/Xcode/DerivedData/Hidroly-elzuktlznbzslaasjbjjtdthehri/Build/Intermediates.noindex/Hidroly.build/Debug-iphonesimulator/Hidroly.build/Hidroly-generated-files.hmap -Xcc -I/Users/fabricioalvarenga/Library/Developer/Xcode/DerivedData/Hidroly-elzuktlznbzslaasjbjjtdthehri/Build/Intermediates.noindex/Hidroly.build/Debug-iphonesimulator/Hidroly.build/Hidroly-own-target-headers.hmap -Xcc -I/Users/fabricioalvarenga/Library/Developer/Xcode/DerivedData/Hidroly-elzuktlznbzslaasjbjjtdthehri/Build/Intermediates.noindex/Hidroly.build/Debug-iphonesimulator/Hidroly.build/Hidroly-all-target-headers.hmap -Xcc -iquote -Xcc /Users/fabricioalvarenga/Library/Developer/Xcode/DerivedData/Hidroly-elzuktlznbzslaasjbjjtdthehri/Build/Intermediates.noindex/Hidroly.build/Debug-iphonesimulator/Hidroly.build/Hidroly-project-headers.hmap -Xcc -I/Users/fabricioalvarenga/Library/Developer/Xcode/DerivedData/Hidroly-elzuktlznbzslaasjbjjtdthehri/Build/Products/Debug-iphonesimulator/include -Xcc -I/Users/fabricioalvarenga/Library/Developer/Xcode/DerivedData/Hidroly-elzuktlznbzslaasjbjjtdthehri/Build/Intermediates.noindex/Hidroly.build/Debug-iphonesimulator/Hidroly.build/DerivedSources-normal/arm64 -Xcc -I/Users/fabricioalvarenga/Library/Developer/Xcode/DerivedData/Hidroly-elzuktlznbzslaasjbjjtdthehri/Build/Intermediates.noindex/Hidroly.build/Debug-iphonesimulator/Hidroly.build/DerivedSources/arm64 -Xcc -I/Users/fabricioalvarenga/Library/Developer/Xcode/DerivedData/Hidroly-elzuktlznbzslaasjbjjtdthehri/Build/Intermediates.noindex/Hidroly.build/Debug-iphonesimulator/Hidroly.build/DerivedSources -Xcc -DDEBUG\=1 -module-name Hidroly -frontend-parseable-output -disable-clang-spi -target-sdk-version 18.0 -target-sdk-name iphonesimulator18.0 -external-plugin-path /Applications/Xcode.app/Contents/Developer/Platforms/iPhoneOS.platform/Developer/usr/lib/swift/host/plugins\#/Applications/Xcode.app/Contents/Developer/Platforms/iPhoneOS.platform/Developer/usr/bin/swift-plugin-server -external-plugin-path /Applications/Xcode.app/Contents/Developer/Platforms/iPhoneOS.platform/Developer/usr/local/lib/swift/host/plugins\#/Applications/Xcode.app/Contents/Developer/Platforms/iPhoneOS.platform/Developer/usr/bin/swift-plugin-server -plugin-path /Applications/Xcode.app/Contents/Developer/Toolchains/XcodeDefault.xctoolchain/usr/lib/swift/host/plugins -plugin-path /Applications/Xcode.app/Contents/Developer/Toolchains/XcodeDefault.xctoolchain/usr/local/lib/swift/host/plugins -o /Users/fabricioalvarenga/Library/Developer/Xcode/DerivedData/Hidroly-elzuktlznbzslaasjbjjtdthehri/Build/Intermediates.noindex/Hidroly.build/Debug-iphonesimulator/Hidroly.build/Objects-normal/arm64/HidrolyApp.o -index-unit-output-path /Hidroly.build/Debug-iphonesimulator/Hidroly.build/Objects-normal/arm64/HidrolyApp.o -index-store-path /Users/fabricioalvarenga/Library/Developer/Xcode/DerivedData/Hidroly-elzuktlznbzslaasjbjjtdthehri/Index.noindex/DataStore -index-system-modules

SwiftCompile normal arm64 /Users/fabricioalvarenga/Desktop/Developer/Hidroly/Hidroly/HidrolyApp.swift (in target 'Hidroly' from project 'Hidroly')
    cd /Users/fabricioalvarenga/Desktop/Developer/Hidroly
    /Applications/Xcode.app/Contents/Developer/Toolchains/XcodeDefault.xctoolchain/usr/bin/swift-frontend -c /Users/fabricioalvarenga/Desktop/Developer/Hidroly/Hidroly/Components/CustomTabBar.swift /Users/fabricioalvarenga/Desktop/Developer/Hidroly/Hidroly/Models/ActivityModel.swift /Users/fabricioalvarenga/Desktop/Developer/Hidroly/Hidroly/Models/AgeModel.swift /Users/fabricioalvarenga/Desktop/Developer/Hidroly/Hidroly/Models/ClimateModel.swift /Users/fabricioalvarenga/Desktop/Developer/Hidroly/Hidroly/Models/DietModel.swift /Users/fabricioalvarenga/Desktop/Developer/Hidroly/Hidroly/Models/GenderModel.swift /Users/fabricioalvarenga/Desktop/Developer/Hidroly/Hidroly/Models/TabModel.swift /Users/fabricioalvarenga/Desktop/Developer/Hidroly/Hidroly/Models/WeightModel.swift /Users/fabricioalvarenga/Desktop/Developer/Hidroly/Hidroly/Views/ContentView.swift /Users/fabricioalvarenga/Desktop/Developer/Hidroly/Hidroly/Views/HomeView.swift -primary-file /Users/fabricioalvarenga/Desktop/Developer/Hidroly/Hidroly/HidrolyApp.swift /Users/fabricioalvarenga/Library/Developer/Xcode/DerivedData/Hidroly-elzuktlznbzslaasjbjjtdthehri/Build/Intermediates.noindex/Hidroly.build/Debug-iphonesimulator/Hidroly.build/DerivedSources/GeneratedAssetSymbols.swift -emit-dependencies-path /Users/fabricioalvarenga/Library/Developer/Xcode/DerivedData/Hidroly-elzuktlznbzslaasjbjjtdthehri/Build/Intermediates.noindex/Hidroly.build/Debug-iphonesimulator/Hidroly.build/Objects-normal/arm64/HidrolyApp.d -emit-const-values-path /Users/fabricioalvarenga/Library/Developer/Xcode/DerivedData/Hidroly-elzuktlznbzslaasjbjjtdthehri/Build/Intermediates.noindex/Hidroly.build/Debug-iphonesimulator/Hidroly.build/Objects-normal/arm64/HidrolyApp.swiftconstvalues -emit-reference-dependencies-path /Users/fabricioalvarenga/Library/Developer/Xcode/DerivedData/Hidroly-elzuktlznbzslaasjbjjtdthehri/Build/Intermediates.noindex/Hidroly.build/Debug-iphonesimulator/Hidroly.build/Objects-normal/arm64/HidrolyApp.swiftdeps -serialize-diagnostics-path /Users/fabricioalvarenga/Library/Developer/Xcode/DerivedData/Hidroly-elzuktlznbzslaasjbjjtdthehri/Build/Intermediates.noindex/Hidroly.build/Debug-iphonesimulator/Hidroly.build/Objects-normal/arm64/HidrolyApp.dia -emit-localized-strings -emit-localized-strings-path /Users/fabricioalvarenga/Library/Developer/Xcode/DerivedData/Hidroly-elzuktlznbzslaasjbjjtdthehri/Build/Intermediates.noindex/Hidroly.build/Debug-iphonesimulator/Hidroly.build/Objects-normal/arm64 -target arm64-apple-ios18.0-simulator -Xllvm -aarch64-use-tbi -enable-objc-interop -sdk /Applications/Xcode.app/Contents/Developer/Platforms/iPhoneSimulator.platform/Developer/SDKs/iPhoneSimulator18.0.sdk -I /Users/fabricioalvarenga/Library/Developer/Xcode/DerivedData/Hidroly-elzuktlznbzslaasjbjjtdthehri/Build/Products/Debug-iphonesimulator -F /Users/fabricioalvarenga/Library/Developer/Xcode/DerivedData/Hidroly-elzuktlznbzslaasjbjjtdthehri/Build/Products/Debug-iphonesimulator -no-color-diagnostics -enable-testing -g -debug-info-format\=dwarf -dwarf-version\=5 -module-cache-path /Users/fabricioalvarenga/Library/Developer/Xcode/DerivedData/ModuleCache.noindex -swift-version 5 -enforce-exclusivity\=checked -Onone -D DEBUG -serialize-debugging-options -const-gather-protocols-file /Users/fabricioalvarenga/Library/Developer/Xcode/DerivedData/Hidroly-elzuktlznbzslaasjbjjtdthehri/Build/Intermediates.noindex/Hidroly.build/Debug-iphonesimulator/Hidroly.build/Objects-normal/arm64/Hidroly_const_extract_protocols.json -enable-experimental-feature DebugDescriptionMacro -enable-experimental-feature OpaqueTypeErasure -enable-bare-slash-regex -empty-abi-descriptor -validate-clang-modules-once -clang-build-session-file /Users/fabricioalvarenga/Library/Developer/Xcode/DerivedData/ModuleCache.noindex/Session.modulevalidation -Xcc -working-directory -Xcc /Users/fabricioalvarenga/Desktop/Developer/Hidroly -resource-dir /Applications/Xcode.app/Contents/Developer/Toolchains/XcodeDefault.xctoolchain/usr/lib/swift -enable-anonymous-context-mangled-names -file-compilation-dir /Users/fabricioalvarenga/Desktop/Developer/Hidroly -Xcc -D_LIBCPP_HARDENING_MODE\=_LIBCPP_HARDENING_MODE_DEBUG -Xcc -ivfsstatcache -Xcc /Users/fabricioalvarenga/Library/Developer/Xcode/DerivedData/SDKStatCaches.noindex/iphonesimulator18.0-22A3362-db63dc9361471f152f572502bdbfe70a.sdkstatcache -Xcc -I/Users/fabricioalvarenga/Library/Developer/Xcode/DerivedData/Hidroly-elzuktlznbzslaasjbjjtdthehri/Build/Intermediates.noindex/Hidroly.build/Debug-iphonesimulator/Hidroly.build/swift-overrides.hmap -Xcc -iquote -Xcc /Users/fabricioalvarenga/Library/Developer/Xcode/DerivedData/Hidroly-elzuktlznbzslaasjbjjtdthehri/Build/Intermediates.noindex/Hidroly.build/Debug-iphonesimulator/Hidroly.build/Hidroly-generated-files.hmap -Xcc -I/Users/fabricioalvarenga/Library/Developer/Xcode/DerivedData/Hidroly-elzuktlznbzslaasjbjjtdthehri/Build/Intermediates.noindex/Hidroly.build/Debug-iphonesimulator/Hidroly.build/Hidroly-own-target-headers.hmap -Xcc -I/Users/fabricioalvarenga/Library/Developer/Xcode/DerivedData/Hidroly-elzuktlznbzslaasjbjjtdthehri/Build/Intermediates.noindex/Hidroly.build/Debug-iphonesimulator/Hidroly.build/Hidroly-all-target-headers.hmap -Xcc -iquote -Xcc /Users/fabricioalvarenga/Library/Developer/Xcode/DerivedData/Hidroly-elzuktlznbzslaasjbjjtdthehri/Build/Intermediates.noindex/Hidroly.build/Debug-iphonesimulator/Hidroly.build/Hidroly-project-headers.hmap -Xcc -I/Users/fabricioalvarenga/Library/Developer/Xcode/DerivedData/Hidroly-elzuktlznbzslaasjbjjtdthehri/Build/Products/Debug-iphonesimulator/include -Xcc -I/Users/fabricioalvarenga/Library/Developer/Xcode/DerivedData/Hidroly-elzuktlznbzslaasjbjjtdthehri/Build/Intermediates.noindex/Hidroly.build/Debug-iphonesimulator/Hidroly.build/DerivedSources-normal/arm64 -Xcc -I/Users/fabricioalvarenga/Library/Developer/Xcode/DerivedData/Hidroly-elzuktlznbzslaasjbjjtdthehri/Build/Intermediates.noindex/Hidroly.build/Debug-iphonesimulator/Hidroly.build/DerivedSources/arm64 -Xcc -I/Users/fabricioalvarenga/Library/Developer/Xcode/DerivedData/Hidroly-elzuktlznbzslaasjbjjtdthehri/Build/Intermediates.noindex/Hidroly.build/Debug-iphonesimulator/Hidroly.build/DerivedSources -Xcc -DDEBUG\=1 -module-name Hidroly -frontend-parseable-output -disable-clang-spi -target-sdk-version 18.0 -target-sdk-name iphonesimulator18.0 -external-plugin-path /Applications/Xcode.app/Contents/Developer/Platforms/iPhoneOS.platform/Developer/usr/lib/swift/host/plugins\#/Applications/Xcode.app/Contents/Developer/Platforms/iPhoneOS.platform/Developer/usr/bin/swift-plugin-server -external-plugin-path /Applications/Xcode.app/Contents/Developer/Platforms/iPhoneOS.platform/Developer/usr/local/lib/swift/host/plugins\#/Applications/Xcode.app/Contents/Developer/Platforms/iPhoneOS.platform/Developer/usr/bin/swift-plugin-server -plugin-path /Applications/Xcode.app/Contents/Developer/Toolchains/XcodeDefault.xctoolchain/usr/lib/swift/host/plugins -plugin-path /Applications/Xcode.app/Contents/Developer/Toolchains/XcodeDefault.xctoolchain/usr/local/lib/swift/host/plugins -o /Users/fabricioalvarenga/Library/Developer/Xcode/DerivedData/Hidroly-elzuktlznbzslaasjbjjtdthehri/Build/Intermediates.noindex/Hidroly.build/Debug-iphonesimulator/Hidroly.build/Objects-normal/arm64/HidrolyApp.o -index-unit-output-path /Hidroly.build/Debug-iphonesimulator/Hidroly.build/Objects-normal/arm64/HidrolyApp.o -index-store-path /Users/fabricioalvarenga/Library/Developer/Xcode/DerivedData/Hidroly-elzuktlznbzslaasjbjjtdthehri/Index.noindex/DataStore -index-system-modules

SwiftDriverJobDiscovery normal arm64 Compiling WeightModel.swift (in target 'Hidroly' from project 'Hidroly')

SwiftDriverJobDiscovery normal arm64 Compiling DietModel.swift (in target 'Hidroly' from project 'Hidroly')

SwiftDriverJobDiscovery normal arm64 Compiling GeneratedAssetSymbols.swift (in target 'Hidroly' from project 'Hidroly')

SwiftDriverJobDiscovery normal arm64 Compiling AgeModel.swift (in target 'Hidroly' from project 'Hidroly')

SwiftDriverJobDiscovery normal arm64 Compiling TabModel.swift (in target 'Hidroly' from project 'Hidroly')

SwiftDriverJobDiscovery normal arm64 Compiling GenderModel.swift (in target 'Hidroly' from project 'Hidroly')

SwiftDriverJobDiscovery normal arm64 Compiling ClimateModel.swift (in target 'Hidroly' from project 'Hidroly')

SwiftDriverJobDiscovery normal arm64 Emitting module for Hidroly (in target 'Hidroly' from project 'Hidroly')

SwiftDriver\ Compilation\ Requirements Hidroly normal arm64 com.apple.xcode.tools.swift.compiler (in target 'Hidroly' from project 'Hidroly')
    cd /Users/fabricioalvarenga/Desktop/Developer/Hidroly
    builtin-Swift-Compilation-Requirements -- /Applications/Xcode.app/Contents/Developer/Toolchains/XcodeDefault.xctoolchain/usr/bin/swiftc -module-name Hidroly -Onone -enforce-exclusivity\=checked @/Users/fabricioalvarenga/Library/Developer/Xcode/DerivedData/Hidroly-elzuktlznbzslaasjbjjtdthehri/Build/Intermediates.noindex/Hidroly.build/Debug-iphonesimulator/Hidroly.build/Objects-normal/arm64/Hidroly.SwiftFileList -DDEBUG -enable-bare-slash-regex -enable-experimental-feature DebugDescriptionMacro -sdk /Applications/Xcode.app/Contents/Developer/Platforms/iPhoneSimulator.platform/Developer/SDKs/iPhoneSimulator18.0.sdk -target arm64-apple-ios18.0-simulator -g -module-cache-path /Users/fabricioalvarenga/Library/Developer/Xcode/DerivedData/ModuleCache.noindex -Xfrontend -serialize-debugging-options -enable-testing -index-store-path /Users/fabricioalvarenga/Library/Developer/Xcode/DerivedData/Hidroly-elzuktlznbzslaasjbjjtdthehri/Index.noindex/DataStore -enable-experimental-feature OpaqueTypeErasure -Xcc -D_LIBCPP_HARDENING_MODE\=_LIBCPP_HARDENING_MODE_DEBUG -swift-version 5 -I /Users/fabricioalvarenga/Library/Developer/Xcode/DerivedData/Hidroly-elzuktlznbzslaasjbjjtdthehri/Build/Products/Debug-iphonesimulator -F /Users/fabricioalvarenga/Library/Developer/Xcode/DerivedData/Hidroly-elzuktlznbzslaasjbjjtdthehri/Build/Products/Debug-iphonesimulator -emit-localized-strings -emit-localized-strings-path /Users/fabricioalvarenga/Library/Developer/Xcode/DerivedData/Hidroly-elzuktlznbzslaasjbjjtdthehri/Build/Intermediates.noindex/Hidroly.build/Debug-iphonesimulator/Hidroly.build/Objects-normal/arm64 -c -j11 -enable-batch-mode -incremental -Xcc -ivfsstatcache -Xcc /Users/fabricioalvarenga/Library/Developer/Xcode/DerivedData/SDKStatCaches.noindex/iphonesimulator18.0-22A3362-db63dc9361471f152f572502bdbfe70a.sdkstatcache -output-file-map /Users/fabricioalvarenga/Library/Developer/Xcode/DerivedData/Hidroly-elzuktlznbzslaasjbjjtdthehri/Build/Intermediates.noindex/Hidroly.build/Debug-iphonesimulator/Hidroly.build/Objects-normal/arm64/Hidroly-OutputFileMap.json -use-frontend-parseable-output -save-temps -no-color-diagnostics -serialize-diagnostics -emit-dependencies -emit-module -emit-module-path /Users/fabricioalvarenga/Library/Developer/Xcode/DerivedData/Hidroly-elzuktlznbzslaasjbjjtdthehri/Build/Intermediates.noindex/Hidroly.build/Debug-iphonesimulator/Hidroly.build/Objects-normal/arm64/Hidroly.swiftmodule -validate-clang-modules-once -clang-build-session-file /Users/fabricioalvarenga/Library/Developer/Xcode/DerivedData/ModuleCache.noindex/Session.modulevalidation -Xcc -I/Users/fabricioalvarenga/Library/Developer/Xcode/DerivedData/Hidroly-elzuktlznbzslaasjbjjtdthehri/Build/Intermediates.noindex/Hidroly.build/Debug-iphonesimulator/Hidroly.build/swift-overrides.hmap -emit-const-values -Xfrontend -const-gather-protocols-file -Xfrontend /Users/fabricioalvarenga/Library/Developer/Xcode/DerivedData/Hidroly-elzuktlznbzslaasjbjjtdthehri/Build/Intermediates.noindex/Hidroly.build/Debug-iphonesimulator/Hidroly.build/Objects-normal/arm64/Hidroly_const_extract_protocols.json -Xcc -iquote -Xcc /Users/fabricioalvarenga/Library/Developer/Xcode/DerivedData/Hidroly-elzuktlznbzslaasjbjjtdthehri/Build/Intermediates.noindex/Hidroly.build/Debug-iphonesimulator/Hidroly.build/Hidroly-generated-files.hmap -Xcc -I/Users/fabricioalvarenga/Library/Developer/Xcode/DerivedData/Hidroly-elzuktlznbzslaasjbjjtdthehri/Build/Intermediates.noindex/Hidroly.build/Debug-iphonesimulator/Hidroly.build/Hidroly-own-target-headers.hmap -Xcc -I/Users/fabricioalvarenga/Library/Developer/Xcode/DerivedData/Hidroly-elzuktlznbzslaasjbjjtdthehri/Build/Intermediates.noindex/Hidroly.build/Debug-iphonesimulator/Hidroly.build/Hidroly-all-target-headers.hmap -Xcc -iquote -Xcc /Users/fabricioalvarenga/Library/Developer/Xcode/DerivedData/Hidroly-elzuktlznbzslaasjbjjtdthehri/Build/Intermediates.noindex/Hidroly.build/Debug-iphonesimulator/Hidroly.build/Hidroly-project-headers.hmap -Xcc -I/Users/fabricioalvarenga/Library/Developer/Xcode/DerivedData/Hidroly-elzuktlznbzslaasjbjjtdthehri/Build/Products/Debug-iphonesimulator/include -Xcc -I/Users/fabricioalvarenga/Library/Developer/Xcode/DerivedData/Hidroly-elzuktlznbzslaasjbjjtdthehri/Build/Intermediates.noindex/Hidroly.build/Debug-iphonesimulator/Hidroly.build/DerivedSources-normal/arm64 -Xcc -I/Users/fabricioalvarenga/Library/Developer/Xcode/DerivedData/Hidroly-elzuktlznbzslaasjbjjtdthehri/Build/Intermediates.noindex/Hidroly.build/Debug-iphonesimulator/Hidroly.build/DerivedSources/arm64 -Xcc -I/Users/fabricioalvarenga/Library/Developer/Xcode/DerivedData/Hidroly-elzuktlznbzslaasjbjjtdthehri/Build/Intermediates.noindex/Hidroly.build/Debug-iphonesimulator/Hidroly.build/DerivedSources -Xcc -DDEBUG\=1 -emit-objc-header -emit-objc-header-path /Users/fabricioalvarenga/Library/Developer/Xcode/DerivedData/Hidroly-elzuktlznbzslaasjbjjtdthehri/Build/Intermediates.noindex/Hidroly.build/Debug-iphonesimulator/Hidroly.build/Objects-normal/arm64/Hidroly-Swift.h -working-directory /Users/fabricioalvarenga/Desktop/Developer/Hidroly -experimental-emit-module-separately -disable-cmo

SwiftMergeGeneratedHeaders /Users/fabricioalvarenga/Library/Developer/Xcode/DerivedData/Hidroly-elzuktlznbzslaasjbjjtdthehri/Build/Intermediates.noindex/Hidroly.build/Debug-iphonesimulator/Hidroly.build/DerivedSources/Hidroly-Swift.h /Users/fabricioalvarenga/Library/Developer/Xcode/DerivedData/Hidroly-elzuktlznbzslaasjbjjtdthehri/Build/Intermediates.noindex/Hidroly.build/Debug-iphonesimulator/Hidroly.build/Objects-normal/arm64/Hidroly-Swift.h (in target 'Hidroly' from project 'Hidroly')
    cd /Users/fabricioalvarenga/Desktop/Developer/Hidroly
    builtin-swiftHeaderTool -arch arm64 /Users/fabricioalvarenga/Library/Developer/Xcode/DerivedData/Hidroly-elzuktlznbzslaasjbjjtdthehri/Build/Intermediates.noindex/Hidroly.build/Debug-iphonesimulator/Hidroly.build/Objects-normal/arm64/Hidroly-Swift.h -o /Users/fabricioalvarenga/Library/Developer/Xcode/DerivedData/Hidroly-elzuktlznbzslaasjbjjtdthehri/Build/Intermediates.noindex/Hidroly.build/Debug-iphonesimulator/Hidroly.build/DerivedSources/Hidroly-Swift.h

Copy /Users/fabricioalvarenga/Library/Developer/Xcode/DerivedData/Hidroly-elzuktlznbzslaasjbjjtdthehri/Build/Products/Debug-iphonesimulator/Hidroly.swiftmodule/arm64-apple-ios-simulator.swiftmodule /Users/fabricioalvarenga/Library/Developer/Xcode/DerivedData/Hidroly-elzuktlznbzslaasjbjjtdthehri/Build/Intermediates.noindex/Hidroly.build/Debug-iphonesimulator/Hidroly.build/Objects-normal/arm64/Hidroly.swiftmodule (in target 'Hidroly' from project 'Hidroly')
    cd /Users/fabricioalvarenga/Desktop/Developer/Hidroly
    builtin-copy -exclude .DS_Store -exclude CVS -exclude .svn -exclude .git -exclude .hg -resolve-src-symlinks -rename /Users/fabricioalvarenga/Library/Developer/Xcode/DerivedData/Hidroly-elzuktlznbzslaasjbjjtdthehri/Build/Intermediates.noindex/Hidroly.build/Debug-iphonesimulator/Hidroly.build/Objects-normal/arm64/Hidroly.swiftmodule /Users/fabricioalvarenga/Library/Developer/Xcode/DerivedData/Hidroly-elzuktlznbzslaasjbjjtdthehri/Build/Products/Debug-iphonesimulator/Hidroly.swiftmodule/arm64-apple-ios-simulator.swiftmodule

Copy /Users/fabricioalvarenga/Library/Developer/Xcode/DerivedData/Hidroly-elzuktlznbzslaasjbjjtdthehri/Build/Products/Debug-iphonesimulator/Hidroly.swiftmodule/arm64-apple-ios-simulator.abi.json /Users/fabricioalvarenga/Library/Developer/Xcode/DerivedData/Hidroly-elzuktlznbzslaasjbjjtdthehri/Build/Intermediates.noindex/Hidroly.build/Debug-iphonesimulator/Hidroly.build/Objects-normal/arm64/Hidroly.abi.json (in target 'Hidroly' from project 'Hidroly')
    cd /Users/fabricioalvarenga/Desktop/Developer/Hidroly
    builtin-copy -exclude .DS_Store -exclude CVS -exclude .svn -exclude .git -exclude .hg -resolve-src-symlinks -rename /Users/fabricioalvarenga/Library/Developer/Xcode/DerivedData/Hidroly-elzuktlznbzslaasjbjjtdthehri/Build/Intermediates.noindex/Hidroly.build/Debug-iphonesimulator/Hidroly.build/Objects-normal/arm64/Hidroly.abi.json /Users/fabricioalvarenga/Library/Developer/Xcode/DerivedData/Hidroly-elzuktlznbzslaasjbjjtdthehri/Build/Products/Debug-iphonesimulator/Hidroly.swiftmodule/arm64-apple-ios-simulator.abi.json

Copy /Users/fabricioalvarenga/Library/Developer/Xcode/DerivedData/Hidroly-elzuktlznbzslaasjbjjtdthehri/Build/Products/Debug-iphonesimulator/Hidroly.swiftmodule/arm64-apple-ios-simulator.swiftdoc /Users/fabricioalvarenga/Library/Developer/Xcode/DerivedData/Hidroly-elzuktlznbzslaasjbjjtdthehri/Build/Intermediates.noindex/Hidroly.build/Debug-iphonesimulator/Hidroly.build/Objects-normal/arm64/Hidroly.swiftdoc (in target 'Hidroly' from project 'Hidroly')
    cd /Users/fabricioalvarenga/Desktop/Developer/Hidroly
    builtin-copy -exclude .DS_Store -exclude CVS -exclude .svn -exclude .git -exclude .hg -resolve-src-symlinks -rename /Users/fabricioalvarenga/Library/Developer/Xcode/DerivedData/Hidroly-elzuktlznbzslaasjbjjtdthehri/Build/Intermediates.noindex/Hidroly.build/Debug-iphonesimulator/Hidroly.build/Objects-normal/arm64/Hidroly.swiftdoc /Users/fabricioalvarenga/Library/Developer/Xcode/DerivedData/Hidroly-elzuktlznbzslaasjbjjtdthehri/Build/Products/Debug-iphonesimulator/Hidroly.swiftmodule/arm64-apple-ios-simulator.swiftdoc

Copy /Users/fabricioalvarenga/Library/Developer/Xcode/DerivedData/Hidroly-elzuktlznbzslaasjbjjtdthehri/Build/Products/Debug-iphonesimulator/Hidroly.swiftmodule/Project/arm64-apple-ios-simulator.swiftsourceinfo /Users/fabricioalvarenga/Library/Developer/Xcode/DerivedData/Hidroly-elzuktlznbzslaasjbjjtdthehri/Build/Intermediates.noindex/Hidroly.build/Debug-iphonesimulator/Hidroly.build/Objects-normal/arm64/Hidroly.swiftsourceinfo (in target 'Hidroly' from project 'Hidroly')
    cd /Users/fabricioalvarenga/Desktop/Developer/Hidroly
    builtin-copy -exclude .DS_Store -exclude CVS -exclude .svn -exclude .git -exclude .hg -resolve-src-symlinks -rename /Users/fabricioalvarenga/Library/Developer/Xcode/DerivedData/Hidroly-elzuktlznbzslaasjbjjtdthehri/Build/Intermediates.noindex/Hidroly.build/Debug-iphonesimulator/Hidroly.build/Objects-normal/arm64/Hidroly.swiftsourceinfo /Users/fabricioalvarenga/Library/Developer/Xcode/DerivedData/Hidroly-elzuktlznbzslaasjbjjtdthehri/Build/Products/Debug-iphonesimulator/Hidroly.swiftmodule/Project/arm64-apple-ios-simulator.swiftsourceinfo

SwiftDriverJobDiscovery normal arm64 Compiling ContentView.swift (in target 'Hidroly' from project 'Hidroly')

SwiftDriverJobDiscovery normal arm64 Compiling HidrolyApp.swift (in target 'Hidroly' from project 'Hidroly')

SwiftDriverJobDiscovery normal arm64 Compiling HomeView.swift (in target 'Hidroly' from project 'Hidroly')

SwiftDriverJobDiscovery normal arm64 Compiling CustomTabBar.swift, ActivityModel.swift (in target 'Hidroly' from project 'Hidroly')

SwiftDriver\ Compilation Hidroly normal arm64 com.apple.xcode.tools.swift.compiler (in target 'Hidroly' from project 'Hidroly')
    cd /Users/fabricioalvarenga/Desktop/Developer/Hidroly
    builtin-Swift-Compilation -- /Applications/Xcode.app/Contents/Developer/Toolchains/XcodeDefault.xctoolchain/usr/bin/swiftc -module-name Hidroly -Onone -enforce-exclusivity\=checked @/Users/fabricioalvarenga/Library/Developer/Xcode/DerivedData/Hidroly-elzuktlznbzslaasjbjjtdthehri/Build/Intermediates.noindex/Hidroly.build/Debug-iphonesimulator/Hidroly.build/Objects-normal/arm64/Hidroly.SwiftFileList -DDEBUG -enable-bare-slash-regex -enable-experimental-feature DebugDescriptionMacro -sdk /Applications/Xcode.app/Contents/Developer/Platforms/iPhoneSimulator.platform/Developer/SDKs/iPhoneSimulator18.0.sdk -target arm64-apple-ios18.0-simulator -g -module-cache-path /Users/fabricioalvarenga/Library/Developer/Xcode/DerivedData/ModuleCache.noindex -Xfrontend -serialize-debugging-options -enable-testing -index-store-path /Users/fabricioalvarenga/Library/Developer/Xcode/DerivedData/Hidroly-elzuktlznbzslaasjbjjtdthehri/Index.noindex/DataStore -enable-experimental-feature OpaqueTypeErasure -Xcc -D_LIBCPP_HARDENING_MODE\=_LIBCPP_HARDENING_MODE_DEBUG -swift-version 5 -I /Users/fabricioalvarenga/Library/Developer/Xcode/DerivedData/Hidroly-elzuktlznbzslaasjbjjtdthehri/Build/Products/Debug-iphonesimulator -F /Users/fabricioalvarenga/Library/Developer/Xcode/DerivedData/Hidroly-elzuktlznbzslaasjbjjtdthehri/Build/Products/Debug-iphonesimulator -emit-localized-strings -emit-localized-strings-path /Users/fabricioalvarenga/Library/Developer/Xcode/DerivedData/Hidroly-elzuktlznbzslaasjbjjtdthehri/Build/Intermediates.noindex/Hidroly.build/Debug-iphonesimulator/Hidroly.build/Objects-normal/arm64 -c -j11 -enable-batch-mode -incremental -Xcc -ivfsstatcache -Xcc /Users/fabricioalvarenga/Library/Developer/Xcode/DerivedData/SDKStatCaches.noindex/iphonesimulator18.0-22A3362-db63dc9361471f152f572502bdbfe70a.sdkstatcache -output-file-map /Users/fabricioalvarenga/Library/Developer/Xcode/DerivedData/Hidroly-elzuktlznbzslaasjbjjtdthehri/Build/Intermediates.noindex/Hidroly.build/Debug-iphonesimulator/Hidroly.build/Objects-normal/arm64/Hidroly-OutputFileMap.json -use-frontend-parseable-output -save-temps -no-color-diagnostics -serialize-diagnostics -emit-dependencies -emit-module -emit-module-path /Users/fabricioalvarenga/Library/Developer/Xcode/DerivedData/Hidroly-elzuktlznbzslaasjbjjtdthehri/Build/Intermediates.noindex/Hidroly.build/Debug-iphonesimulator/Hidroly.build/Objects-normal/arm64/Hidroly.swiftmodule -validate-clang-modules-once -clang-build-session-file /Users/fabricioalvarenga/Library/Developer/Xcode/DerivedData/ModuleCache.noindex/Session.modulevalidation -Xcc -I/Users/fabricioalvarenga/Library/Developer/Xcode/DerivedData/Hidroly-elzuktlznbzslaasjbjjtdthehri/Build/Intermediates.noindex/Hidroly.build/Debug-iphonesimulator/Hidroly.build/swift-overrides.hmap -emit-const-values -Xfrontend -const-gather-protocols-file -Xfrontend /Users/fabricioalvarenga/Library/Developer/Xcode/DerivedData/Hidroly-elzuktlznbzslaasjbjjtdthehri/Build/Intermediates.noindex/Hidroly.build/Debug-iphonesimulator/Hidroly.build/Objects-normal/arm64/Hidroly_const_extract_protocols.json -Xcc -iquote -Xcc /Users/fabricioalvarenga/Library/Developer/Xcode/DerivedData/Hidroly-elzuktlznbzslaasjbjjtdthehri/Build/Intermediates.noindex/Hidroly.build/Debug-iphonesimulator/Hidroly.build/Hidroly-generated-files.hmap -Xcc -I/Users/fabricioalvarenga/Library/Developer/Xcode/DerivedData/Hidroly-elzuktlznbzslaasjbjjtdthehri/Build/Intermediates.noindex/Hidroly.build/Debug-iphonesimulator/Hidroly.build/Hidroly-own-target-headers.hmap -Xcc -I/Users/fabricioalvarenga/Library/Developer/Xcode/DerivedData/Hidroly-elzuktlznbzslaasjbjjtdthehri/Build/Intermediates.noindex/Hidroly.build/Debug-iphonesimulator/Hidroly.build/Hidroly-all-target-headers.hmap -Xcc -iquote -Xcc /Users/fabricioalvarenga/Library/Developer/Xcode/DerivedData/Hidroly-elzuktlznbzslaasjbjjtdthehri/Build/Intermediates.noindex/Hidroly.build/Debug-iphonesimulator/Hidroly.build/Hidroly-project-headers.hmap -Xcc -I/Users/fabricioalvarenga/Library/Developer/Xcode/DerivedData/Hidroly-elzuktlznbzslaasjbjjtdthehri/Build/Products/Debug-iphonesimulator/include -Xcc -I/Users/fabricioalvarenga/Library/Developer/Xcode/DerivedData/Hidroly-elzuktlznbzslaasjbjjtdthehri/Build/Intermediates.noindex/Hidroly.build/Debug-iphonesimulator/Hidroly.build/DerivedSources-normal/arm64 -Xcc -I/Users/fabricioalvarenga/Library/Developer/Xcode/DerivedData/Hidroly-elzuktlznbzslaasjbjjtdthehri/Build/Intermediates.noindex/Hidroly.build/Debug-iphonesimulator/Hidroly.build/DerivedSources/arm64 -Xcc -I/Users/fabricioalvarenga/Library/Developer/Xcode/DerivedData/Hidroly-elzuktlznbzslaasjbjjtdthehri/Build/Intermediates.noindex/Hidroly.build/Debug-iphonesimulator/Hidroly.build/DerivedSources -Xcc -DDEBUG\=1 -emit-objc-header -emit-objc-header-path /Users/fabricioalvarenga/Library/Developer/Xcode/DerivedData/Hidroly-elzuktlznbzslaasjbjjtdthehri/Build/Intermediates.noindex/Hidroly.build/Debug-iphonesimulator/Hidroly.build/Objects-normal/arm64/Hidroly-Swift.h -working-directory /Users/fabricioalvarenga/Desktop/Developer/Hidroly -experimental-emit-module-separately -disable-cmo

Ld /Users/fabricioalvarenga/Library/Developer/Xcode/DerivedData/Hidroly-elzuktlznbzslaasjbjjtdthehri/Build/Products/Debug-iphonesimulator/Hidroly.app/Hidroly.debug.dylib normal (in target 'Hidroly' from project 'Hidroly')
    cd /Users/fabricioalvarenga/Desktop/Developer/Hidroly
    /Applications/Xcode.app/Contents/Developer/Toolchains/XcodeDefault.xctoolchain/usr/bin/clang -Xlinker -reproducible -target arm64-apple-ios18.0-simulator -dynamiclib -isysroot /Applications/Xcode.app/Contents/Developer/Platforms/iPhoneSimulator.platform/Developer/SDKs/iPhoneSimulator18.0.sdk -O0 -L/Users/fabricioalvarenga/Library/Developer/Xcode/DerivedData/Hidroly-elzuktlznbzslaasjbjjtdthehri/Build/Intermediates.noindex/EagerLinkingTBDs/Debug-iphonesimulator -L/Users/fabricioalvarenga/Library/Developer/Xcode/DerivedData/Hidroly-elzuktlznbzslaasjbjjtdthehri/Build/Products/Debug-iphonesimulator -F/Users/fabricioalvarenga/Library/Developer/Xcode/DerivedData/Hidroly-elzuktlznbzslaasjbjjtdthehri/Build/Intermediates.noindex/EagerLinkingTBDs/Debug-iphonesimulator -F/Users/fabricioalvarenga/Library/Developer/Xcode/DerivedData/Hidroly-elzuktlznbzslaasjbjjtdthehri/Build/Products/Debug-iphonesimulator -filelist /Users/fabricioalvarenga/Library/Developer/Xcode/DerivedData/Hidroly-elzuktlznbzslaasjbjjtdthehri/Build/Intermediates.noindex/Hidroly.build/Debug-iphonesimulator/Hidroly.build/Objects-normal/arm64/Hidroly.LinkFileList -install_name @rpath/Hidroly.debug.dylib -Xlinker -rpath -Xlinker @executable_path/Frameworks -dead_strip -Xlinker -object_path_lto -Xlinker /Users/fabricioalvarenga/Library/Developer/Xcode/DerivedData/Hidroly-elzuktlznbzslaasjbjjtdthehri/Build/Intermediates.noindex/Hidroly.build/Debug-iphonesimulator/Hidroly.build/Objects-normal/arm64/Hidroly_lto.o -Xlinker -export_dynamic -Xlinker -no_deduplicate -Xlinker -objc_abi_version -Xlinker 2 -fobjc-link-runtime -L/Applications/Xcode.app/Contents/Developer/Toolchains/XcodeDefault.xctoolchain/usr/lib/swift/iphonesimulator -L/usr/lib/swift -Xlinker -add_ast_path -Xlinker /Users/fabricioalvarenga/Library/Developer/Xcode/DerivedData/Hidroly-elzuktlznbzslaasjbjjtdthehri/Build/Intermediates.noindex/Hidroly.build/Debug-iphonesimulator/Hidroly.build/Objects-normal/arm64/Hidroly.swiftmodule -Xlinker -alias -Xlinker _main -Xlinker ___debug_main_executable_dylib_entry_point -Xlinker -no_adhoc_codesign -Xlinker -dependency_info -Xlinker /Users/fabricioalvarenga/Library/Developer/Xcode/DerivedData/Hidroly-elzuktlznbzslaasjbjjtdthehri/Build/Intermediates.noindex/Hidroly.build/Debug-iphonesimulator/Hidroly.build/Objects-normal/arm64/Hidroly_dependency_info.dat -o /Users/fabricioalvarenga/Library/Developer/Xcode/DerivedData/Hidroly-elzuktlznbzslaasjbjjtdthehri/Build/Products/Debug-iphonesimulator/Hidroly.app/Hidroly.debug.dylib

ConstructStubExecutorLinkFileList /Users/fabricioalvarenga/Library/Developer/Xcode/DerivedData/Hidroly-elzuktlznbzslaasjbjjtdthehri/Build/Intermediates.noindex/Hidroly.build/Debug-iphonesimulator/Hidroly.build/Hidroly-ExecutorLinkFileList-normal-arm64.txt (in target 'Hidroly' from project 'Hidroly')
    cd /Users/fabricioalvarenga/Desktop/Developer/Hidroly
    construct-stub-executor-link-file-list /Users/fabricioalvarenga/Library/Developer/Xcode/DerivedData/Hidroly-elzuktlznbzslaasjbjjtdthehri/Build/Products/Debug-iphonesimulator/Hidroly.app/Hidroly.debug.dylib /Applications/Xcode.app/Contents/Developer/Platforms/iPhoneSimulator.platform/Developer/usr/lib/libPreviewsJITStubExecutor_no_swift_entry_point.a /Applications/Xcode.app/Contents/Developer/Platforms/iPhoneSimulator.platform/Developer/usr/lib/libPreviewsJITStubExecutor.a --output /Users/fabricioalvarenga/Library/Developer/Xcode/DerivedData/Hidroly-elzuktlznbzslaasjbjjtdthehri/Build/Intermediates.noindex/Hidroly.build/Debug-iphonesimulator/Hidroly.build/Hidroly-ExecutorLinkFileList-normal-arm64.txt
note: Using stub executor library with Swift entry point. (in target 'Hidroly' from project 'Hidroly')

Ld /Users/fabricioalvarenga/Library/Developer/Xcode/DerivedData/Hidroly-elzuktlznbzslaasjbjjtdthehri/Build/Products/Debug-iphonesimulator/Hidroly.app/Hidroly normal (in target 'Hidroly' from project 'Hidroly')
    cd /Users/fabricioalvarenga/Desktop/Developer/Hidroly
    /Applications/Xcode.app/Contents/Developer/Toolchains/XcodeDefault.xctoolchain/usr/bin/clang -Xlinker -reproducible -target arm64-apple-ios18.0-simulator -isysroot /Applications/Xcode.app/Contents/Developer/Platforms/iPhoneSimulator.platform/Developer/SDKs/iPhoneSimulator18.0.sdk -O0 -L/Users/fabricioalvarenga/Library/Developer/Xcode/DerivedData/Hidroly-elzuktlznbzslaasjbjjtdthehri/Build/Products/Debug-iphonesimulator -F/Users/fabricioalvarenga/Library/Developer/Xcode/DerivedData/Hidroly-elzuktlznbzslaasjbjjtdthehri/Build/Products/Debug-iphonesimulator -Xlinker -rpath -Xlinker @executable_path -Xlinker -rpath -Xlinker @executable_path/Frameworks -Xlinker -export_dynamic -Xlinker -no_deduplicate -Xlinker -objc_abi_version -Xlinker 2 -e ___debug_blank_executor_main -Xlinker -sectcreate -Xlinker __TEXT -Xlinker __debug_dylib -Xlinker /Users/fabricioalvarenga/Library/Developer/Xcode/DerivedData/Hidroly-elzuktlznbzslaasjbjjtdthehri/Build/Intermediates.noindex/Hidroly.build/Debug-iphonesimulator/Hidroly.build/Hidroly-DebugDylibPath-normal-arm64.txt -Xlinker -sectcreate -Xlinker __TEXT -Xlinker __debug_instlnm -Xlinker /Users/fabricioalvarenga/Library/Developer/Xcode/DerivedData/Hidroly-elzuktlznbzslaasjbjjtdthehri/Build/Intermediates.noindex/Hidroly.build/Debug-iphonesimulator/Hidroly.build/Hidroly-DebugDylibInstallName-normal-arm64.txt -Xlinker -filelist -Xlinker /Users/fabricioalvarenga/Library/Developer/Xcode/DerivedData/Hidroly-elzuktlznbzslaasjbjjtdthehri/Build/Intermediates.noindex/Hidroly.build/Debug-iphonesimulator/Hidroly.build/Hidroly-ExecutorLinkFileList-normal-arm64.txt -Xlinker -sectcreate -Xlinker __TEXT -Xlinker __entitlements -Xlinker /Users/fabricioalvarenga/Library/Developer/Xcode/DerivedData/Hidroly-elzuktlznbzslaasjbjjtdthehri/Build/Intermediates.noindex/Hidroly.build/Debug-iphonesimulator/Hidroly.build/Hidroly.app-Simulated.xcent -Xlinker -sectcreate -Xlinker __TEXT -Xlinker __ents_der -Xlinker /Users/fabricioalvarenga/Library/Developer/Xcode/DerivedData/Hidroly-elzuktlznbzslaasjbjjtdthehri/Build/Intermediates.noindex/Hidroly.build/Debug-iphonesimulator/Hidroly.build/Hidroly.app-Simulated.xcent.der /Users/fabricioalvarenga/Library/Developer/Xcode/DerivedData/Hidroly-elzuktlznbzslaasjbjjtdthehri/Build/Products/Debug-iphonesimulator/Hidroly.app/Hidroly.debug.dylib -o /Users/fabricioalvarenga/Library/Developer/Xcode/DerivedData/Hidroly-elzuktlznbzslaasjbjjtdthehri/Build/Products/Debug-iphonesimulator/Hidroly.app/Hidroly

CopySwiftLibs /Users/fabricioalvarenga/Library/Developer/Xcode/DerivedData/Hidroly-elzuktlznbzslaasjbjjtdthehri/Build/Products/Debug-iphonesimulator/Hidroly.app (in target 'Hidroly' from project 'Hidroly')
    cd /Users/fabricioalvarenga/Desktop/Developer/Hidroly
    builtin-swiftStdLibTool --copy --verbose --sign - --scan-executable /Users/fabricioalvarenga/Library/Developer/Xcode/DerivedData/Hidroly-elzuktlznbzslaasjbjjtdthehri/Build/Products/Debug-iphonesimulator/Hidroly.app/Hidroly.debug.dylib --scan-folder /Users/fabricioalvarenga/Library/Developer/Xcode/DerivedData/Hidroly-elzuktlznbzslaasjbjjtdthehri/Build/Products/Debug-iphonesimulator/Hidroly.app/Frameworks --scan-folder /Users/fabricioalvarenga/Library/Developer/Xcode/DerivedData/Hidroly-elzuktlznbzslaasjbjjtdthehri/Build/Products/Debug-iphonesimulator/Hidroly.app/PlugIns --scan-folder /Users/fabricioalvarenga/Library/Developer/Xcode/DerivedData/Hidroly-elzuktlznbzslaasjbjjtdthehri/Build/Products/Debug-iphonesimulator/Hidroly.app/SystemExtensions --scan-folder /Users/fabricioalvarenga/Library/Developer/Xcode/DerivedData/Hidroly-elzuktlznbzslaasjbjjtdthehri/Build/Products/Debug-iphonesimulator/Hidroly.app/Extensions --platform iphonesimulator --toolchain /Applications/Xcode.app/Contents/Developer/Toolchains/XcodeDefault.xctoolchain --destination /Users/fabricioalvarenga/Library/Developer/Xcode/DerivedData/Hidroly-elzuktlznbzslaasjbjjtdthehri/Build/Products/Debug-iphonesimulator/Hidroly.app/Frameworks --strip-bitcode --strip-bitcode-tool /Applications/Xcode.app/Contents/Developer/Toolchains/XcodeDefault.xctoolchain/usr/bin/bitcode_strip --emit-dependency-info /Users/fabricioalvarenga/Library/Developer/Xcode/DerivedData/Hidroly-elzuktlznbzslaasjbjjtdthehri/Build/Intermediates.noindex/Hidroly.build/Debug-iphonesimulator/Hidroly.build/SwiftStdLibToolInputDependencies.dep --filter-for-swift-os

ExtractAppIntentsMetadata (in target 'Hidroly' from project 'Hidroly')
    cd /Users/fabricioalvarenga/Desktop/Developer/Hidroly
    /Applications/Xcode.app/Contents/Developer/Toolchains/XcodeDefault.xctoolchain/usr/bin/appintentsmetadataprocessor --output /Users/fabricioalvarenga/Library/Developer/Xcode/DerivedData/Hidroly-elzuktlznbzslaasjbjjtdthehri/Build/Products/Debug-iphonesimulator/Hidroly.app --toolchain-dir /Applications/Xcode.app/Contents/Developer/Toolchains/XcodeDefault.xctoolchain --module-name Hidroly --sdk-root /Applications/Xcode.app/Contents/Developer/Platforms/iPhoneSimulator.platform/Developer/SDKs/iPhoneSimulator18.0.sdk --xcode-version 16A242d --platform-family iOS --deployment-target 18.0 --bundle-identifier com.alvarenga.Hidroly --target-triple arm64-apple-ios18.0-simulator --binary-file /Users/fabricioalvarenga/Library/Developer/Xcode/DerivedData/Hidroly-elzuktlznbzslaasjbjjtdthehri/Build/Products/Debug-iphonesimulator/Hidroly.app/Hidroly --dependency-file /Users/fabricioalvarenga/Library/Developer/Xcode/DerivedData/Hidroly-elzuktlznbzslaasjbjjtdthehri/Build/Intermediates.noindex/Hidroly.build/Debug-iphonesimulator/Hidroly.build/Objects-normal/arm64/Hidroly_dependency_info.dat --stringsdata-file /Users/fabricioalvarenga/Library/Developer/Xcode/DerivedData/Hidroly-elzuktlznbzslaasjbjjtdthehri/Build/Intermediates.noindex/Hidroly.build/Debug-iphonesimulator/Hidroly.build/Objects-normal/arm64/ExtractedAppShortcutsMetadata.stringsdata --source-file-list /Users/fabricioalvarenga/Library/Developer/Xcode/DerivedData/Hidroly-elzuktlznbzslaasjbjjtdthehri/Build/Intermediates.noindex/Hidroly.build/Debug-iphonesimulator/Hidroly.build/Objects-normal/arm64/Hidroly.SwiftFileList --metadata-file-list /Users/fabricioalvarenga/Library/Developer/Xcode/DerivedData/Hidroly-elzuktlznbzslaasjbjjtdthehri/Build/Intermediates.noindex/Hidroly.build/Debug-iphonesimulator/Hidroly.build/Hidroly.DependencyMetadataFileList --swift-const-vals-list /Users/fabricioalvarenga/Library/Developer/Xcode/DerivedData/Hidroly-elzuktlznbzslaasjbjjtdthehri/Build/Intermediates.noindex/Hidroly.build/Debug-iphonesimulator/Hidroly.build/Objects-normal/arm64/Hidroly.SwiftConstValuesFileList --compile-time-extraction --deployment-aware-processing --validate-assistant-intents
note: Metadata extraction skipped. No AppIntents.framework dependency found. (in target 'Hidroly' from project 'Hidroly')

AppIntentsSSUTraining (in target 'Hidroly' from project 'Hidroly')
    cd /Users/fabricioalvarenga/Desktop/Developer/Hidroly
    /Applications/Xcode.app/Contents/Developer/Toolchains/XcodeDefault.xctoolchain/usr/bin/appintentsnltrainingprocessor --infoplist-path /Users/fabricioalvarenga/Library/Developer/Xcode/DerivedData/Hidroly-elzuktlznbzslaasjbjjtdthehri/Build/Products/Debug-iphonesimulator/Hidroly.app/Info.plist --temp-dir-path /Users/fabricioalvarenga/Library/Developer/Xcode/DerivedData/Hidroly-elzuktlznbzslaasjbjjtdthehri/Build/Intermediates.noindex/Hidroly.build/Debug-iphonesimulator/Hidroly.build/ssu --bundle-id com.alvarenga.Hidroly --product-path /Users/fabricioalvarenga/Library/Developer/Xcode/DerivedData/Hidroly-elzuktlznbzslaasjbjjtdthehri/Build/Products/Debug-iphonesimulator/Hidroly.app --extracted-metadata-path /Users/fabricioalvarenga/Library/Developer/Xcode/DerivedData/Hidroly-elzuktlznbzslaasjbjjtdthehri/Build/Products/Debug-iphonesimulator/Hidroly.app/Metadata.appintents --archive-ssu-assets
2025-06-04 22:51:33.643 appintentsnltrainingprocessor[19650:3708544] Parsing options for appintentsnltrainingprocessor
2025-06-04 22:51:33.644 appintentsnltrainingprocessor[19650:3708544] No AppShortcuts found - Skipping.

CodeSign /Users/fabricioalvarenga/Library/Developer/Xcode/DerivedData/Hidroly-elzuktlznbzslaasjbjjtdthehri/Build/Products/Debug-iphonesimulator/Hidroly.app/Hidroly.debug.dylib (in target 'Hidroly' from project 'Hidroly')
    cd /Users/fabricioalvarenga/Desktop/Developer/Hidroly
    
    Signing Identity:     "Sign to Run Locally"
    
    /usr/bin/codesign --force --sign - --timestamp\=none --generate-entitlement-der /Users/fabricioalvarenga/Library/Developer/Xcode/DerivedData/Hidroly-elzuktlznbzslaasjbjjtdthehri/Build/Products/Debug-iphonesimulator/Hidroly.app/Hidroly.debug.dylib

CodeSign /Users/fabricioalvarenga/Library/Developer/Xcode/DerivedData/Hidroly-elzuktlznbzslaasjbjjtdthehri/Build/Products/Debug-iphonesimulator/Hidroly.app/__preview.dylib (in target 'Hidroly' from project 'Hidroly')
    cd /Users/fabricioalvarenga/Desktop/Developer/Hidroly
    
    Signing Identity:     "Sign to Run Locally"
    
    /usr/bin/codesign --force --sign - --timestamp\=none --generate-entitlement-der /Users/fabricioalvarenga/Library/Developer/Xcode/DerivedData/Hidroly-elzuktlznbzslaasjbjjtdthehri/Build/Products/Debug-iphonesimulator/Hidroly.app/__preview.dylib
/Users/fabricioalvarenga/Library/Developer/Xcode/DerivedData/Hidroly-elzuktlznbzslaasjbjjtdthehri/Build/Products/Debug-iphonesimulator/Hidroly.app/__preview.dylib: replacing existing signature

CodeSign /Users/fabricioalvarenga/Library/Developer/Xcode/DerivedData/Hidroly-elzuktlznbzslaasjbjjtdthehri/Build/Products/Debug-iphonesimulator/Hidroly.app (in target 'Hidroly' from project 'Hidroly')
    cd /Users/fabricioalvarenga/Desktop/Developer/Hidroly
    
    Signing Identity:     "Sign to Run Locally"
    
    /usr/bin/codesign --force --sign - --timestamp\=none --generate-entitlement-der /Users/fabricioalvarenga/Library/Developer/Xcode/DerivedData/Hidroly-elzuktlznbzslaasjbjjtdthehri/Build/Products/Debug-iphonesimulator/Hidroly.app
/Users/fabricioalvarenga/Library/Developer/Xcode/DerivedData/Hidroly-elzuktlznbzslaasjbjjtdthehri/Build/Products/Debug-iphonesimulator/Hidroly.app: replacing existing signature

RegisterExecutionPolicyException /Users/fabricioalvarenga/Library/Developer/Xcode/DerivedData/Hidroly-elzuktlznbzslaasjbjjtdthehri/Build/Products/Debug-iphonesimulator/Hidroly.app (in target 'Hidroly' from project 'Hidroly')
    cd /Users/fabricioalvarenga/Desktop/Developer/Hidroly
    builtin-RegisterExecutionPolicyException /Users/fabricioalvarenga/Library/Developer/Xcode/DerivedData/Hidroly-elzuktlznbzslaasjbjjtdthehri/Build/Products/Debug-iphonesimulator/Hidroly.app

Validate /Users/fabricioalvarenga/Library/Developer/Xcode/DerivedData/Hidroly-elzuktlznbzslaasjbjjtdthehri/Build/Products/Debug-iphonesimulator/Hidroly.app (in target 'Hidroly' from project 'Hidroly')
    cd /Users/fabricioalvarenga/Desktop/Developer/Hidroly
    builtin-validationUtility /Users/fabricioalvarenga/Library/Developer/Xcode/DerivedData/Hidroly-elzuktlznbzslaasjbjjtdthehri/Build/Products/Debug-iphonesimulator/Hidroly.app -infoplist-subpath Info.plist

Touch /Users/fabricioalvarenga/Library/Developer/Xcode/DerivedData/Hidroly-elzuktlznbzslaasjbjjtdthehri/Build/Products/Debug-iphonesimulator/Hidroly.app (in target 'Hidroly' from project 'Hidroly')
    cd /Users/fabricioalvarenga/Desktop/Developer/Hidroly
    /usr/bin/touch -c /Users/fabricioalvarenga/Library/Developer/Xcode/DerivedData/Hidroly-elzuktlznbzslaasjbjjtdthehri/Build/Products/Debug-iphonesimulator/Hidroly.app

** BUILD SUCCEEDED **

